
============================================================
[2026-05-19 11:03:25] Sessão iniciada
============================================================

============================================================
[2026-05-19 11:03:25] Sessão iniciada
============================================================
Encontrados 2 arquivo(s) de export:

  ✓ export_frentes_lmalerbo_2026-05-19.xlsx — 4 registros
  ✓ export_frentes_lmalerbo_2026-05-19_1779199404619.xlsx — 4 registros

Total de registros para processar: 8
Após deduplicação por LAYER: 4 registros únicos

Verificando conflitos na planilha mestre...
  Sem conflito (serão preenchidos): 0
  Com conflito (já preenchidos)   : 4

============================================================
  ATENÇÃO: 4 talhão(ões) já têm preenchimento.
============================================================

O que deseja fazer?

  1 - Ver cada conflito e decidir um por um
  2 - Sobrescrever TODOS automaticamente
  3 - Manter TODOS (não sobrescreve nenhum conflito)

Digite 1, 2 ou 3: Encontrados 2 arquivo(s) de export:

  ✓ export_frentes_lmalerbo_2026-05-19.xlsx — 4 registros
  ✓ export_frentes_lmalerbo_2026-05-19_1779199404619.xlsx — 4 registros

Total de registros para processar: 8
Após deduplicação por LAYER: 4 registros únicos

Verificando conflitos na planilha mestre...

  → Todos os 4 conflitos serão sobrescritos.

Aplicando atualizações...

Regenerando formulario.html...
  formulario.html atualizado — 548 fazendas, 4355 talhões.

==================================================
  Consolidação concluída!
  Registros processados : 8
  Linhas atualizadas    : 4
  Conflitos ignorados   : 0
  Arquivos movidos para : exports\processados/ (2/2)
  Log salvo na aba 'Log Exportações'
==================================================
[2026-05-19 11:03:30] Sessão encerrada

============================================================
[2026-05-19 11:03:33] Sessão iniciada
============================================================

============================================================
[2026-05-19 11:03:33] Sessão iniciada
============================================================
Encontrados 2 arquivo(s) de export:

  ✓ export_frentes_lmalerbo_2026-05-19.xlsx — 4 registros
  ✓ export_frentes_lmalerbo_2026-05-19_1779199411989.xlsx — 4 registros

Total de registros para processar: 8
Após deduplicação por LAYER: 4 registros únicos

Verificando conflitos na planilha mestre...
  Sem conflito (serão preenchidos): 0
  Com conflito (já preenchidos)   : 4

============================================================
  ATENÇÃO: 4 talhão(ões) já têm preenchimento.
============================================================

O que deseja fazer?

  1 - Ver cada conflito e decidir um por um
  2 - Sobrescrever TODOS automaticamente
  3 - Manter TODOS (não sobrescreve nenhum conflito)

Digite 1, 2 ou 3: Encontrados 2 arquivo(s) de export:

  ✓ export_frentes_lmalerbo_2026-05-19.xlsx — 4 registros
  ✓ export_frentes_lmalerbo_2026-05-19_1779199411989.xlsx — 4 registros

Total de registros para processar: 8
Após deduplicação por LAYER: 4 registros únicos

Verificando conflitos na planilha mestre...

  → Todos os 4 conflitos serão sobrescritos.

Aplicando atualizações...

Regenerando formulario.html...
  formulario.html atualizado — sem alterações.

==================================================
  Consolidação concluída!
  Registros processados : 8
  Linhas atualizadas    : 4
  Conflitos ignorados   : 0
  Arquivos movidos para : exports\processados/ (2/2)
  Log salvo na aba 'Log Exportações'
==================================================
[2026-05-19 11:03:39] Sessão encerrada

============================================================
[2026-05-19 11:03:40] Sessão iniciada
============================================================

============================================================
[2026-05-19 11:03:42] Sessão iniciada
============================================================
Encontrados 1 arquivo(s) de export:

  ✓ export_frentes_lmalerbo_2026-05-19.xlsx — 4 registros

Total de registros para processar: 4
Após deduplicação por LAYER: 4 registros únicos

Verificando conflitos na planilha mestre...
  Sem conflito (serão preenchidos): 0
  Com conflito (já preenchidos)   : 4

============================================================
  ATENÇÃO: 4 talhão(ões) já têm preenchimento.
============================================================

O que deseja fazer?

  1 - Ver cada conflito e decidir um por um
  2 - Sobrescrever TODOS automaticamente
  3 - Manter TODOS (não sobrescreve nenhum conflito)

Digite 1, 2 ou 3: Encontrados 2 arquivo(s) de export:

  ✓ export_frentes_lmalerbo_2026-05-19.xlsx — 4 registros
  ✓ export_frentes_lmalerbo_2026-05-19_1779199418133.xlsx — 4 registros

Total de registros para processar: 8
Após deduplicação por LAYER: 4 registros únicos

Verificando conflitos na planilha mestre...
  Sem conflito (serão preenchidos): 0
  Com conflito (já preenchidos)   : 4

============================================================
  ATENÇÃO: 4 talhão(ões) já têm preenchimento.
============================================================

O que deseja fazer?

  1 - Ver cada conflito e decidir um por um
  2 - Sobrescrever TODOS automaticamente
  3 - Manter TODOS (não sobrescreve nenhum conflito)

Digite 1, 2 ou 3: 
  → Todos os 4 conflitos serão sobrescritos.

Aplicando atualizações...

Regenerando formulario.html...
  AVISO: nao foi possivel calcular USUARIOS_HA do log (File is not a zip file)
  formulario.html atualizado — 548 fazendas, 4355 talhões.

==================================================
  Consolidação concluída!
  Registros processados : 4
  Linhas atualizadas    : 4
  Conflitos ignorados   : 0
  Arquivos movidos para : exports\processados/ (1/1)
  Log salvo na aba 'Log Exportações'
==================================================
[2026-05-19 11:03:45] Sessão encerrada

  → Todos os 4 conflitos serão sobrescritos.

Aplicando atualizações...

Regenerando formulario.html...
  formulario.html atualizado — 548 fazendas, 4355 talhões.
  AVISO: export_frentes_lmalerbo_2026-05-19.xlsx não encontrado (já movido?). Ignorando.

==================================================
  Consolidação concluída!
  Registros processados : 8
  Linhas atualizadas    : 4
  Conflitos ignorados   : 0
  Arquivos movidos para : exports\processados/ (1/2)
  Log salvo na aba 'Log Exportações'
==================================================
[2026-05-19 11:03:47] Sessão encerrada

============================================================
[2026-05-19 11:46:40] Sessão iniciada
============================================================

============================================================
[2026-05-19 11:46:41] Sessão iniciada
============================================================
Encontrados 2 arquivo(s) de export:

  ✓ export_frentes_jcamilo_2026-05-19.xlsx — 30 registros
  ✓ export_frentes_jcamilo_2026-05-19_1779201995491.xlsx — 30 registros

Total de registros para processar: 60
Após deduplicação por LAYER: 30 registros únicos

Verificando conflitos na planilha mestre...
  Sem conflito (serão preenchidos): 8
  Com conflito (já preenchidos)   : 22

============================================================
  ATENÇÃO: 22 talhão(ões) já têm preenchimento.
============================================================

O que deseja fazer?

  1 - Ver cada conflito e decidir um por um
  2 - Sobrescrever TODOS automaticamente
  3 - Manter TODOS (não sobrescreve nenhum conflito)

Digite 1, 2 ou 3: Encontrados 2 arquivo(s) de export:

  ✓ export_frentes_jcamilo_2026-05-19.xlsx — 30 registros
  ✓ export_frentes_jcamilo_2026-05-19_1779201995491.xlsx — 30 registros

Total de registros para processar: 60
Após deduplicação por LAYER: 30 registros únicos

Verificando conflitos na planilha mestre...
  Sem conflito (serão preenchidos): 8
  Com conflito (já preenchidos)   : 22

============================================================
  ATENÇÃO: 22 talhão(ões) já têm preenchimento.
============================================================

O que deseja fazer?

  1 - Ver cada conflito e decidir um por um
  2 - Sobrescrever TODOS automaticamente
  3 - Manter TODOS (não sobrescreve nenhum conflito)

Digite 1, 2 ou 3: 
  → Todos os 22 conflitos serão sobrescritos.

Aplicando atualizações...

Regenerando formulario.html...
  formulario.html atualizado — 548 fazendas, 4355 talhões.

==================================================
  Consolidação concluída!
  Registros processados : 60
  Linhas atualizadas    : 30
  Conflitos ignorados   : 0
  Arquivos movidos para : exports\processados/ (2/2)
  Log salvo na aba 'Log Exportações'
==================================================
[2026-05-19 11:46:47] Sessão encerrada

  → Todos os 22 conflitos serão sobrescritos.

Aplicando atualizações...

Regenerando formulario.html...
  formulario.html atualizado — 548 fazendas, 4355 talhões.
  AVISO: não foi possível mover export_frentes_jcamilo_2026-05-19_1779201995491.xlsx: [WinError 2] O sistema não pode encontrar o arquivo especificado

==================================================
  Consolidação concluída!
  Registros processados : 60
  Linhas atualizadas    : 30
  Conflitos ignorados   : 0
  Arquivos movidos para : exports\processados/ (1/2)
  Log salvo na aba 'Log Exportações'
==================================================
[2026-05-19 11:46:47] Sessão encerrada

============================================================
[2026-05-19 11:50:40] Sessão iniciada
============================================================

============================================================
[2026-05-19 11:50:40] Sessão iniciada
============================================================
Encontrados 2 arquivo(s) de export:

  ✓ export_frentes_igabriel_2026-05-19.xlsx — 52 registros
  ✓ export_frentes_igabriel_2026-05-19_1779202238003.xlsx — 52 registros

Total de registros para processar: 104
Após deduplicação por LAYER: 52 registros únicos

Verificando conflitos na planilha mestre...
  Sem conflito (serão preenchidos): 17
  Com conflito (já preenchidos)   : 35

============================================================
  ATENÇÃO: 35 talhão(ões) já têm preenchimento.
============================================================

O que deseja fazer?

  1 - Ver cada conflito e decidir um por um
  2 - Sobrescrever TODOS automaticamente
  3 - Manter TODOS (não sobrescreve nenhum conflito)

Digite 1, 2 ou 3: Encontrados 2 arquivo(s) de export:

  ✓ export_frentes_igabriel_2026-05-19.xlsx — 52 registros
  ✓ export_frentes_igabriel_2026-05-19_1779202238003.xlsx — 52 registros

Total de registros para processar: 104
Após deduplicação por LAYER: 52 registros únicos

Verificando conflitos na planilha mestre...
  Sem conflito (serão preenchidos): 17
  Com conflito (já preenchidos)   : 35

============================================================
  ATENÇÃO: 35 talhão(ões) já têm preenchimento.
============================================================

O que deseja fazer?

  1 - Ver cada conflito e decidir um por um
  2 - Sobrescrever TODOS automaticamente
  3 - Manter TODOS (não sobrescreve nenhum conflito)

Digite 1, 2 ou 3: 
  → Todos os 35 conflitos serão sobrescritos.

Aplicando atualizações...

Regenerando formulario.html...
  formulario.html atualizado — 548 fazendas, 4355 talhões.

==================================================
  Consolidação concluída!
  Registros processados : 104
  Linhas atualizadas    : 52
  Conflitos ignorados   : 0
  Arquivos movidos para : exports\processados/ (2/2)
  Log salvo na aba 'Log Exportações'
==================================================
[2026-05-19 11:50:45] Sessão encerrada

  → Todos os 35 conflitos serão sobrescritos.

Aplicando atualizações...

Regenerando formulario.html...
  formulario.html atualizado — 548 fazendas, 4355 talhões.

==================================================
  Consolidação concluída!
  Registros processados : 104
  Linhas atualizadas    : 52
  Conflitos ignorados   : 0
  Arquivos movidos para : exports\processados/ (2/2)
  Log salvo na aba 'Log Exportações'
==================================================
[2026-05-19 11:50:45] Sessão encerrada

============================================================
[2026-05-19 15:21:07] Sessão iniciada
============================================================

============================================================
[2026-05-19 15:21:07] Sessão iniciada
============================================================
Encontrados 2 arquivo(s) de export:

  ✓ export_frentes_jcamilo_2026-05-19.xlsx — 6 registros
  ✓ export_frentes_jcamilo_2026-05-19_1779214859171.xlsx — 6 registros

Total de registros para processar: 12
Após deduplicação por LAYER: 6 registros únicos

Verificando conflitos na planilha mestre...
  Sem conflito (serão preenchidos): 6
  Com conflito (já preenchidos)   : 0

Aplicando atualizações...

Regenerando formulario.html...
  formulario.html atualizado — 548 fazendas, 4355 talhões.

==================================================
  Consolidação concluída!
  Registros processados : 12
  Linhas atualizadas    : 6
  Conflitos ignorados   : 0
  Arquivos movidos para : exports\processados/ (2/2)
  Log salvo na aba 'Log Exportações'
==================================================
[2026-05-19 15:21:15] Sessão encerrada
Encontrados 2 arquivo(s) de export:

  ✓ export_frentes_jcamilo_2026-05-19.xlsx — 6 registros
  ✓ export_frentes_jcamilo_2026-05-19_1779214859171.xlsx — 6 registros

Total de registros para processar: 12
Após deduplicação por LAYER: 6 registros únicos

Verificando conflitos na planilha mestre...
  Sem conflito (serão preenchidos): 6
  Com conflito (já preenchidos)   : 0

Aplicando atualizações...

Regenerando formulario.html...
  formulario.html atualizado — 548 fazendas, 4355 talhões.

==================================================
  Consolidação concluída!
  Registros processados : 12
  Linhas atualizadas    : 6
  Conflitos ignorados   : 0
  Arquivos movidos para : exports\processados/ (2/2)
  Log salvo na aba 'Log Exportações'
==================================================
[2026-05-19 15:21:15] Sessão encerrada

============================================================
[2026-05-19 16:21:29] Sessão iniciada
============================================================

============================================================
[2026-05-19 16:21:29] Sessão iniciada
============================================================
Encontrados 2 arquivo(s) de export:

  ✓ export_frentes_jcamilo_2026-05-19.xlsx — 10 registros
  ✓ export_frentes_jcamilo_2026-05-19_1779218483926.xlsx — 10 registros

Total de registros para processar: 20
Após deduplicação por LAYER: 10 registros únicos

Verificando conflitos na planilha mestre...
  Sem conflito (serão preenchidos): 1
  Com conflito (já preenchidos)   : 9

============================================================
  ATENÇÃO: 9 talhão(ões) já têm preenchimento.
============================================================

O que deseja fazer?

  1 - Ver cada conflito e decidir um por um
  2 - Sobrescrever TODOS automaticamente
  3 - Manter TODOS (não sobrescreve nenhum conflito)

Digite 1, 2 ou 3: Encontrados 2 arquivo(s) de export:

  ✓ export_frentes_jcamilo_2026-05-19.xlsx — 10 registros
  ✓ export_frentes_jcamilo_2026-05-19_1779218483926.xlsx — 10 registros

Total de registros para processar: 20
Após deduplicação por LAYER: 10 registros únicos

Verificando conflitos na planilha mestre...
  Sem conflito (serão preenchidos): 1
  Com conflito (já preenchidos)   : 9

============================================================
  ATENÇÃO: 9 talhão(ões) já têm preenchimento.
============================================================

O que deseja fazer?

  1 - Ver cada conflito e decidir um por um
  2 - Sobrescrever TODOS automaticamente
  3 - Manter TODOS (não sobrescreve nenhum conflito)

Digite 1, 2 ou 3: 
  → Todos os 9 conflitos serão sobrescritos.

Aplicando atualizações...

Regenerando formulario.html...
  formulario.html atualizado — 548 fazendas, 4355 talhões.

==================================================
  Consolidação concluída!
  Registros processados : 20
  Linhas atualizadas    : 10
  Conflitos ignorados   : 0
  Arquivos movidos para : exports\processados/ (2/2)
  Log salvo na aba 'Log Exportações'
==================================================
[2026-05-19 16:21:34] Sessão encerrada

  → Todos os 9 conflitos serão sobrescritos.

Aplicando atualizações...

Regenerando formulario.html...
  formulario.html atualizado — 548 fazendas, 4355 talhões.
  AVISO: não foi possível mover export_frentes_jcamilo_2026-05-19.xlsx: [WinError 32] O arquivo já está sendo usado por outro processo
  AVISO: não foi possível mover export_frentes_jcamilo_2026-05-19_1779218483926.xlsx: [WinError 2] O sistema não pode encontrar o arquivo especificado

==================================================
  Consolidação concluída!
  Registros processados : 20
  Linhas atualizadas    : 10
  Conflitos ignorados   : 0
  Arquivos movidos para : exports\processados/ (0/2)
  Log salvo na aba 'Log Exportações'
==================================================
[2026-05-19 16:21:34] Sessão encerrada

============================================================
[2026-05-20 09:08:02] Sessão iniciada
============================================================

============================================================
[2026-05-20 09:08:02] Sessão iniciada
============================================================
Encontrados 2 arquivo(s) de export:

  ✓ export_frentes_jcamilo_2026-05-20.xlsx — 3 registros
  ✓ export_frentes_jcamilo_2026-05-20_1779278881227.xlsx — 3 registros

Total de registros para processar: 6
Após deduplicação por LAYER: 3 registros únicos

Verificando conflitos na planilha mestre...
  Sem conflito (serão preenchidos): 0
  Com conflito (já preenchidos)   : 3

============================================================
  ATENÇÃO: 3 talhão(ões) já têm preenchimento.
============================================================

O que deseja fazer?

  1 - Ver cada conflito e decidir um por um
  2 - Sobrescrever TODOS automaticamente
  3 - Manter TODOS (não sobrescreve nenhum conflito)

Digite 1, 2 ou 3: Encontrados 2 arquivo(s) de export:

  ✓ export_frentes_jcamilo_2026-05-20.xlsx — 3 registros
  ✓ export_frentes_jcamilo_2026-05-20_1779278881227.xlsx — 3 registros

Total de registros para processar: 6
Após deduplicação por LAYER: 3 registros únicos

Verificando conflitos na planilha mestre...
  Sem conflito (serão preenchidos): 0
  Com conflito (já preenchidos)   : 3

============================================================
  ATENÇÃO: 3 talhão(ões) já têm preenchimento.
============================================================

O que deseja fazer?

  1 - Ver cada conflito e decidir um por um
  2 - Sobrescrever TODOS automaticamente
  3 - Manter TODOS (não sobrescreve nenhum conflito)

Digite 1, 2 ou 3: 
  → Todos os 3 conflitos serão sobrescritos.

Aplicando atualizações...

Regenerando formulario.html...
  formulario.html atualizado — 548 fazendas, 4355 talhões.
  AVISO: não foi possível mover export_frentes_jcamilo_2026-05-20.xlsx: [WinError 2] O sistema não pode encontrar o arquivo especificado
  AVISO: export_frentes_jcamilo_2026-05-20_1779278881227.xlsx não encontrado (já movido?). Ignorando.

==================================================
  Consolidação concluída!
  Registros processados : 6
  Linhas atualizadas    : 3
  Conflitos ignorados   : 0
  Arquivos movidos para : exports\processados/ (0/2)
  Log salvo na aba 'Log Exportações'
==================================================
[2026-05-20 09:08:10] Sessão encerrada

  → Todos os 3 conflitos serão sobrescritos.

Aplicando atualizações...

Regenerando formulario.html...
  formulario.html atualizado — 548 fazendas, 4355 talhões.

==================================================
  Consolidação concluída!
  Registros processados : 6
  Linhas atualizadas    : 3
  Conflitos ignorados   : 0
  Arquivos movidos para : exports\processados/ (2/2)
  Log salvo na aba 'Log Exportações'
==================================================
[2026-05-20 09:08:10] Sessão encerrada

============================================================
[2026-05-20 09:15:34] Sessão iniciada
============================================================

============================================================
[2026-05-20 09:15:34] Sessão iniciada
============================================================
Encontrados 2 arquivo(s) de export:

  ✓ export_frentes_jcamilo_2026-05-20.xlsx — 3 registros
  ✓ export_frentes_jcamilo_2026-05-20_1779279333682.xlsx — 3 registros

Total de registros para processar: 6
Após deduplicação por LAYER: 3 registros únicos

Verificando conflitos na planilha mestre...
  Sem conflito (serão preenchidos): 0
  Com conflito (já preenchidos)   : 3

============================================================
  ATENÇÃO: 3 talhão(ões) já têm preenchimento.
============================================================

O que deseja fazer?

  1 - Ver cada conflito e decidir um por um
  2 - Sobrescrever TODOS automaticamente
  3 - Manter TODOS (não sobrescreve nenhum conflito)

Digite 1, 2 ou 3: Encontrados 2 arquivo(s) de export:

  ✓ export_frentes_jcamilo_2026-05-20.xlsx — 3 registros
  ✓ export_frentes_jcamilo_2026-05-20_1779279333682.xlsx — 3 registros

Total de registros para processar: 6
Após deduplicação por LAYER: 3 registros únicos

Verificando conflitos na planilha mestre...
  Sem conflito (serão preenchidos): 0
  Com conflito (já preenchidos)   : 3

============================================================
  ATENÇÃO: 3 talhão(ões) já têm preenchimento.
============================================================

O que deseja fazer?

  1 - Ver cada conflito e decidir um por um
  2 - Sobrescrever TODOS automaticamente
  3 - Manter TODOS (não sobrescreve nenhum conflito)

Digite 1, 2 ou 3: 
  → Todos os 3 conflitos serão sobrescritos.

Aplicando atualizações...

Regenerando formulario.html...
  formulario.html atualizado — sem alterações.

==================================================
  Consolidação concluída!
  Registros processados : 6
  Linhas atualizadas    : 3
  Conflitos ignorados   : 0
  Arquivos movidos para : exports\processados/ (2/2)
  Log salvo na aba 'Log Exportações'
==================================================
[2026-05-20 09:15:40] Sessão encerrada

  → Todos os 3 conflitos serão sobrescritos.

Aplicando atualizações...

Regenerando formulario.html...
  formulario.html atualizado — sem alterações.

==================================================
  Consolidação concluída!
  Registros processados : 6
  Linhas atualizadas    : 3
  Conflitos ignorados   : 0
  Arquivos movidos para : exports\processados/ (2/2)
  Log salvo na aba 'Log Exportações'
==================================================
[2026-05-20 09:15:40] Sessão encerrada

============================================================
[2026-05-20 10:37:58] Sessão iniciada
============================================================

============================================================
[2026-05-20 10:37:58] Sessão iniciada
============================================================
Encontrados 2 arquivo(s) de export:

  ✓ export_frentes_igabriel_2026-05-20.xlsx — 10 registros
  ✓ export_frentes_igabriel_2026-05-20_1779284272139.xlsx — 10 registros

Total de registros para processar: 20
Após deduplicação por LAYER: 10 registros únicos

Verificando conflitos na planilha mestre...
  Sem conflito (serão preenchidos): 3
  Com conflito (já preenchidos)   : 7

============================================================
  ATENÇÃO: 7 talhão(ões) já têm preenchimento.
============================================================

O que deseja fazer?

  1 - Ver cada conflito e decidir um por um
  2 - Sobrescrever TODOS automaticamente
  3 - Manter TODOS (não sobrescreve nenhum conflito)

Digite 1, 2 ou 3: Encontrados 2 arquivo(s) de export:

  ✓ export_frentes_igabriel_2026-05-20.xlsx — 10 registros
  ✓ export_frentes_igabriel_2026-05-20_1779284272139.xlsx — 10 registros

Total de registros para processar: 20
Após deduplicação por LAYER: 10 registros únicos

Verificando conflitos na planilha mestre...
  Sem conflito (serão preenchidos): 3
  Com conflito (já preenchidos)   : 7

============================================================
  ATENÇÃO: 7 talhão(ões) já têm preenchimento.
============================================================

O que deseja fazer?

  1 - Ver cada conflito e decidir um por um
  2 - Sobrescrever TODOS automaticamente
  3 - Manter TODOS (não sobrescreve nenhum conflito)

Digite 1, 2 ou 3: 
  → Todos os 7 conflitos serão sobrescritos.

Aplicando atualizações...

Regenerando formulario.html...
  formulario.html atualizado — 548 fazendas, 4355 talhões.

==================================================
  Consolidação concluída!
  Registros processados : 20
  Linhas atualizadas    : 10
  Conflitos ignorados   : 0
  Arquivos movidos para : exports\processados/ (2/2)
  Log salvo na aba 'Log Exportações'
==================================================
[2026-05-20 10:38:05] Sessão encerrada

  → Todos os 7 conflitos serão sobrescritos.

Aplicando atualizações...

Regenerando formulario.html...
  formulario.html atualizado — 548 fazendas, 4355 talhões.
  AVISO: não foi possível mover export_frentes_igabriel_2026-05-20.xlsx: [WinError 2] O sistema não pode encontrar o arquivo especificado
  AVISO: não foi possível mover export_frentes_igabriel_2026-05-20_1779284272139.xlsx: [WinError 2] O sistema não pode encontrar o arquivo especificado

==================================================
  Consolidação concluída!
  Registros processados : 20
  Linhas atualizadas    : 10
  Conflitos ignorados   : 0
  Arquivos movidos para : exports\processados/ (0/2)
  Log salvo na aba 'Log Exportações'
==================================================
[2026-05-20 10:38:05] Sessão encerrada

============================================================
[2026-05-20 12:17:34] Sessão iniciada
============================================================

============================================================
[2026-05-20 12:17:34] Sessão iniciada
============================================================
Encontrados 2 arquivo(s) de export:

  ✓ export_frentes_lmalerbo_2026-05-20.xlsx — 5 registros
  ✓ export_frentes_lmalerbo_2026-05-20_1779290251980.xlsx — 5 registros

Total de registros para processar: 10
Após deduplicação por LAYER: 5 registros únicos

Verificando conflitos na planilha mestre...
  Sem conflito (serão preenchidos): 5
  Com conflito (já preenchidos)   : 0

Aplicando atualizações...

Regenerando formulario.html...
  formulario.html atualizado — 548 fazendas, 4355 talhões.
  AVISO: não foi possível mover export_frentes_lmalerbo_2026-05-20.xlsx: [WinError 2] O sistema não pode encontrar o arquivo especificado

==================================================
  Consolidação concluída!
  Registros processados : 10
  Linhas atualizadas    : 5
  Conflitos ignorados   : 0
  Arquivos movidos para : exports\processados/ (1/2)
  Log salvo na aba 'Log Exportações'
==================================================
[2026-05-20 12:17:41] Sessão encerrada
Encontrados 2 arquivo(s) de export:

  ✓ export_frentes_lmalerbo_2026-05-20.xlsx — 5 registros
  ✓ export_frentes_lmalerbo_2026-05-20_1779290251980.xlsx — 5 registros

Total de registros para processar: 10
Após deduplicação por LAYER: 5 registros únicos

Verificando conflitos na planilha mestre...
  Sem conflito (serão preenchidos): 5
  Com conflito (já preenchidos)   : 0

Aplicando atualizações...

Regenerando formulario.html...
  formulario.html atualizado — 548 fazendas, 4355 talhões.

==================================================
  Consolidação concluída!
  Registros processados : 10
  Linhas atualizadas    : 5
  Conflitos ignorados   : 0
  Arquivos movidos para : exports\processados/ (2/2)
  Log salvo na aba 'Log Exportações'
==================================================
[2026-05-20 12:17:41] Sessão encerrada

============================================================
[2026-05-20 13:00:02] Sessão iniciada
============================================================

============================================================
[2026-05-20 13:00:02] Sessão iniciada
============================================================
Encontrados 2 arquivo(s) de export:

  ✓ export_frentes_jcamilo_2026-05-20.xlsx — 28 registros
  ✓ export_frentes_jcamilo_2026-05-20_1779292796473.xlsx — 28 registros

Total de registros para processar: 56
Após deduplicação por LAYER: 28 registros únicos

Verificando conflitos na planilha mestre...
  Sem conflito (serão preenchidos): 5
  Com conflito (já preenchidos)   : 23

============================================================
  ATENÇÃO: 23 talhão(ões) já têm preenchimento.
============================================================

O que deseja fazer?

  1 - Ver cada conflito e decidir um por um
  2 - Sobrescrever TODOS automaticamente
  3 - Manter TODOS (não sobrescreve nenhum conflito)

Digite 1, 2 ou 3: Encontrados 2 arquivo(s) de export:

  ✓ export_frentes_jcamilo_2026-05-20.xlsx — 28 registros
  ✓ export_frentes_jcamilo_2026-05-20_1779292796473.xlsx — 28 registros

Total de registros para processar: 56
Após deduplicação por LAYER: 28 registros únicos

Verificando conflitos na planilha mestre...
  Sem conflito (serão preenchidos): 5
  Com conflito (já preenchidos)   : 23

============================================================
  ATENÇÃO: 23 talhão(ões) já têm preenchimento.
============================================================

O que deseja fazer?

  1 - Ver cada conflito e decidir um por um
  2 - Sobrescrever TODOS automaticamente
  3 - Manter TODOS (não sobrescreve nenhum conflito)

Digite 1, 2 ou 3: 
  → Todos os 23 conflitos serão sobrescritos.

Aplicando atualizações...

Regenerando formulario.html...
  formulario.html atualizado — 548 fazendas, 4355 talhões.

==================================================
  Consolidação concluída!
  Registros processados : 56
  Linhas atualizadas    : 28
  Conflitos ignorados   : 0
  Arquivos movidos para : exports\processados/ (2/2)
  Log salvo na aba 'Log Exportações'
==================================================
[2026-05-20 13:00:08] Sessão encerrada

  → Todos os 23 conflitos serão sobrescritos.

Aplicando atualizações...

Regenerando formulario.html...
  formulario.html atualizado — 548 fazendas, 4355 talhões.

==================================================
  Consolidação concluída!
  Registros processados : 56
  Linhas atualizadas    : 28
  Conflitos ignorados   : 0
  Arquivos movidos para : exports\processados/ (2/2)
  Log salvo na aba 'Log Exportações'
==================================================
[2026-05-20 13:00:08] Sessão encerrada

============================================================
[2026-05-20 13:18:32] Sessão iniciada
============================================================

============================================================
[2026-05-20 13:18:32] Sessão iniciada
============================================================
Encontrados 2 arquivo(s) de export:

  ✓ export_frentes_lmalerbo_2026-05-20.xlsx — 6 registros
  ✓ export_frentes_lmalerbo_2026-05-20_1779293911283.xlsx — 6 registros

Total de registros para processar: 12
Após deduplicação por LAYER: 6 registros únicos

Verificando conflitos na planilha mestre...
  Sem conflito (serão preenchidos): 1
  Com conflito (já preenchidos)   : 5

============================================================
  ATENÇÃO: 5 talhão(ões) já têm preenchimento.
============================================================

O que deseja fazer?

  1 - Ver cada conflito e decidir um por um
  2 - Sobrescrever TODOS automaticamente
  3 - Manter TODOS (não sobrescreve nenhum conflito)

Digite 1, 2 ou 3: Encontrados 2 arquivo(s) de export:

  ✓ export_frentes_lmalerbo_2026-05-20.xlsx — 6 registros
  ✓ export_frentes_lmalerbo_2026-05-20_1779293911283.xlsx — 6 registros

Total de registros para processar: 12
Após deduplicação por LAYER: 6 registros únicos

Verificando conflitos na planilha mestre...
  Sem conflito (serão preenchidos): 1
  Com conflito (já preenchidos)   : 5

============================================================
  ATENÇÃO: 5 talhão(ões) já têm preenchimento.
============================================================

O que deseja fazer?

  1 - Ver cada conflito e decidir um por um
  2 - Sobrescrever TODOS automaticamente
  3 - Manter TODOS (não sobrescreve nenhum conflito)

Digite 1, 2 ou 3: 
  → Todos os 5 conflitos serão sobrescritos.

Aplicando atualizações...

Regenerando formulario.html...
  formulario.html atualizado — 548 fazendas, 4355 talhões.

==================================================
  Consolidação concluída!
  Registros processados : 12
  Linhas atualizadas    : 6
  Conflitos ignorados   : 0
  Arquivos movidos para : exports\processados/ (2/2)
  Log salvo na aba 'Log Exportações'
==================================================
[2026-05-20 13:18:38] Sessão encerrada

  → Todos os 5 conflitos serão sobrescritos.

Aplicando atualizações...

Regenerando formulario.html...
  formulario.html atualizado — 548 fazendas, 4355 talhões.

==================================================
  Consolidação concluída!
  Registros processados : 12
  Linhas atualizadas    : 6
  Conflitos ignorados   : 0
  Arquivos movidos para : exports\processados/ (2/2)
  Log salvo na aba 'Log Exportações'
==================================================
[2026-05-20 13:18:38] Sessão encerrada

============================================================
[2026-05-20 15:06:16] Sessão iniciada
============================================================

============================================================
[2026-05-20 15:06:16] Sessão iniciada
============================================================
Encontrados 2 arquivo(s) de export:

  ✓ export_frentes_lmalerbo_2026-05-20.xlsx — 46 registros
  ✓ export_frentes_lmalerbo_2026-05-20_1779300374836.xlsx — 46 registros

Total de registros para processar: 92
Após deduplicação por LAYER: 46 registros únicos

Verificando conflitos na planilha mestre...
  Sem conflito (serão preenchidos): 13
  Com conflito (já preenchidos)   : 33

============================================================
  ATENÇÃO: 33 talhão(ões) já têm preenchimento.
============================================================

O que deseja fazer?

  1 - Ver cada conflito e decidir um por um
  2 - Sobrescrever TODOS automaticamente
  3 - Manter TODOS (não sobrescreve nenhum conflito)

Digite 1, 2 ou 3: Encontrados 2 arquivo(s) de export:

  ✓ export_frentes_lmalerbo_2026-05-20.xlsx — 46 registros
  ✓ export_frentes_lmalerbo_2026-05-20_1779300374836.xlsx — 46 registros

Total de registros para processar: 92
Após deduplicação por LAYER: 46 registros únicos

Verificando conflitos na planilha mestre...
  Sem conflito (serão preenchidos): 13
  Com conflito (já preenchidos)   : 33

============================================================
  ATENÇÃO: 33 talhão(ões) já têm preenchimento.
============================================================

O que deseja fazer?

  1 - Ver cada conflito e decidir um por um
  2 - Sobrescrever TODOS automaticamente
  3 - Manter TODOS (não sobrescreve nenhum conflito)

Digite 1, 2 ou 3: 
  → Todos os 33 conflitos serão sobrescritos.

Aplicando atualizações...

Regenerando formulario.html...
  formulario.html atualizado — 548 fazendas, 4355 talhões.
  AVISO: não foi possível mover export_frentes_lmalerbo_2026-05-20.xlsx: [WinError 32] O arquivo já está sendo usado por outro processo
  AVISO: export_frentes_lmalerbo_2026-05-20_1779300374836.xlsx não encontrado (já movido?). Ignorando.

==================================================
  Consolidação concluída!
  Registros processados : 92
  Linhas atualizadas    : 46
  Conflitos ignorados   : 0
  Arquivos movidos para : exports\processados/ (0/2)
  Log salvo na aba 'Log Exportações'
==================================================
[2026-05-20 15:06:22] Sessão encerrada

  → Todos os 33 conflitos serão sobrescritos.

Aplicando atualizações...

Regenerando formulario.html...
  formulario.html atualizado — 548 fazendas, 4355 talhões.

==================================================
  Consolidação concluída!
  Registros processados : 92
  Linhas atualizadas    : 46
  Conflitos ignorados   : 0
  Arquivos movidos para : exports\processados/ (2/2)
  Log salvo na aba 'Log Exportações'
==================================================
[2026-05-20 15:06:22] Sessão encerrada

============================================================
[2026-05-20 15:08:21] Sessão iniciada
============================================================

============================================================
[2026-05-20 15:08:21] Sessão iniciada
============================================================
Encontrados 2 arquivo(s) de export:

  ✓ export_frentes_lmalerbo_2026-05-20.xlsx — 46 registros
  ✓ export_frentes_lmalerbo_2026-05-20_1779300501158.xlsx — 46 registros

Total de registros para processar: 92
Após deduplicação por LAYER: 46 registros únicos

Verificando conflitos na planilha mestre...
  Sem conflito (serão preenchidos): 0
  Com conflito (já preenchidos)   : 46

============================================================
  ATENÇÃO: 46 talhão(ões) já têm preenchimento.
============================================================

O que deseja fazer?

  1 - Ver cada conflito e decidir um por um
  2 - Sobrescrever TODOS automaticamente
  3 - Manter TODOS (não sobrescreve nenhum conflito)

Digite 1, 2 ou 3: Encontrados 2 arquivo(s) de export:

  ✓ export_frentes_lmalerbo_2026-05-20.xlsx — 46 registros
  ✓ export_frentes_lmalerbo_2026-05-20_1779300501158.xlsx — 46 registros

Total de registros para processar: 92
Após deduplicação por LAYER: 46 registros únicos

Verificando conflitos na planilha mestre...
  Sem conflito (serão preenchidos): 0
  Com conflito (já preenchidos)   : 46

============================================================
  ATENÇÃO: 46 talhão(ões) já têm preenchimento.
============================================================

O que deseja fazer?

  1 - Ver cada conflito e decidir um por um
  2 - Sobrescrever TODOS automaticamente
  3 - Manter TODOS (não sobrescreve nenhum conflito)

Digite 1, 2 ou 3: 
  → Todos os 46 conflitos serão sobrescritos.

Aplicando atualizações...

Regenerando formulario.html...
  formulario.html atualizado — sem alterações.

==================================================
  Consolidação concluída!
  Registros processados : 92
  Linhas atualizadas    : 46
  Conflitos ignorados   : 0
  Arquivos movidos para : exports\processados/ (2/2)
  Log salvo na aba 'Log Exportações'
==================================================
[2026-05-20 15:08:26] Sessão encerrada

  → Todos os 46 conflitos serão sobrescritos.

Aplicando atualizações...

Regenerando formulario.html...
  formulario.html atualizado — sem alterações.
  AVISO: export_frentes_lmalerbo_2026-05-20.xlsx não encontrado (já movido?). Ignorando.
  AVISO: export_frentes_lmalerbo_2026-05-20_1779300501158.xlsx não encontrado (já movido?). Ignorando.

==================================================
  Consolidação concluída!
  Registros processados : 92
  Linhas atualizadas    : 46
  Conflitos ignorados   : 0
  Arquivos movidos para : exports\processados/ (0/2)
  Log salvo na aba 'Log Exportações'
==================================================
[2026-05-20 15:08:27] Sessão encerrada

============================================================
[2026-05-20 15:22:59] Sessão iniciada
============================================================

============================================================
[2026-05-20 15:23:00] Sessão iniciada
============================================================
Encontrados 2 arquivo(s) de export:

  ✓ export_frentes_igabriel_2026-05-20.xlsx — 19 registros
  ✓ export_frentes_igabriel_2026-05-20_1779301372861.xlsx — 19 registros

Total de registros para processar: 38
Após deduplicação por LAYER: 19 registros únicos

Verificando conflitos na planilha mestre...
  Sem conflito (serão preenchidos): 6
  Com conflito (já preenchidos)   : 13

============================================================
  ATENÇÃO: 13 talhão(ões) já têm preenchimento.
============================================================

O que deseja fazer?

  1 - Ver cada conflito e decidir um por um
  2 - Sobrescrever TODOS automaticamente
  3 - Manter TODOS (não sobrescreve nenhum conflito)

Digite 1, 2 ou 3: Encontrados 2 arquivo(s) de export:

  ✓ export_frentes_igabriel_2026-05-20.xlsx — 19 registros
  ✓ export_frentes_igabriel_2026-05-20_1779301372861.xlsx — 19 registros

Total de registros para processar: 38
Após deduplicação por LAYER: 19 registros únicos

Verificando conflitos na planilha mestre...
  Sem conflito (serão preenchidos): 0
  Com conflito (já preenchidos)   : 19

============================================================
  ATENÇÃO: 19 talhão(ões) já têm preenchimento.
============================================================

O que deseja fazer?

  1 - Ver cada conflito e decidir um por um
  2 - Sobrescrever TODOS automaticamente
  3 - Manter TODOS (não sobrescreve nenhum conflito)

Digite 1, 2 ou 3: 
  → Todos os 13 conflitos serão sobrescritos.

Aplicando atualizações...

Regenerando formulario.html...
  formulario.html atualizado — 548 fazendas, 4355 talhões.

==================================================
  Consolidação concluída!
  Registros processados : 38
  Linhas atualizadas    : 19
  Conflitos ignorados   : 0
  Arquivos movidos para : exports\processados/ (2/2)
  Log salvo na aba 'Log Exportações'
==================================================
[2026-05-20 15:23:02] Sessão encerrada

  → Todos os 19 conflitos serão sobrescritos.

Aplicando atualizações...

Regenerando formulario.html...
  formulario.html atualizado — sem alterações.
  AVISO: export_frentes_igabriel_2026-05-20.xlsx não encontrado (já movido?). Ignorando.
  AVISO: export_frentes_igabriel_2026-05-20_1779301372861.xlsx não encontrado (já movido?). Ignorando.

==================================================
  Consolidação concluída!
  Registros processados : 38
  Linhas atualizadas    : 19
  Conflitos ignorados   : 0
  Arquivos movidos para : exports\processados/ (0/2)
  Log salvo na aba 'Log Exportações'
==================================================
[2026-05-20 15:23:04] Sessão encerrada

============================================================
[2026-05-20 15:46:42] Sessão iniciada
============================================================

============================================================
[2026-05-20 15:46:42] Sessão iniciada
============================================================
Encontrados 2 arquivo(s) de export:

  ✓ export_frentes_jcamilo_2026-05-20.xlsx — 31 registros
  ✓ export_frentes_jcamilo_2026-05-20_1779302798371.xlsx — 31 registros

Total de registros para processar: 62
Após deduplicação por LAYER: 31 registros únicos

Verificando conflitos na planilha mestre...
  Sem conflito (serão preenchidos): 31
  Com conflito (já preenchidos)   : 0

Aplicando atualizações...

Regenerando formulario.html...
  formulario.html atualizado — 548 fazendas, 4355 talhões.

==================================================
  Consolidação concluída!
  Registros processados : 62
  Linhas atualizadas    : 31
  Conflitos ignorados   : 0
  Arquivos movidos para : exports\processados/ (2/2)
  Log salvo na aba 'Log Exportações'
==================================================
[2026-05-20 15:46:48] Sessão encerrada
Encontrados 2 arquivo(s) de export:

  ✓ export_frentes_jcamilo_2026-05-20.xlsx — 31 registros
  ✓ export_frentes_jcamilo_2026-05-20_1779302798371.xlsx — 31 registros

Total de registros para processar: 62
Após deduplicação por LAYER: 31 registros únicos

Verificando conflitos na planilha mestre...
  Sem conflito (serão preenchidos): 31
  Com conflito (já preenchidos)   : 0

Aplicando atualizações...

Regenerando formulario.html...
  formulario.html atualizado — 548 fazendas, 4355 talhões.
  AVISO: não foi possível mover export_frentes_jcamilo_2026-05-20_1779302798371.xlsx: [WinError 2] O sistema não pode encontrar o arquivo especificado

==================================================
  Consolidação concluída!
  Registros processados : 62
  Linhas atualizadas    : 31
  Conflitos ignorados   : 0
  Arquivos movidos para : exports\processados/ (1/2)
  Log salvo na aba 'Log Exportações'
==================================================
[2026-05-20 15:46:48] Sessão encerrada

============================================================
[2026-05-20 16:02:32] Sessão iniciada
============================================================

============================================================
[2026-05-20 16:02:32] Sessão iniciada
============================================================
Encontrados 2 arquivo(s) de export:

  ✓ export_frentes_jcamilo_2026-05-20.xlsx — 1 registros
  ✓ export_frentes_jcamilo_2026-05-20_1779303745821.xlsx — 1 registros

Total de registros para processar: 2
Após deduplicação por LAYER: 1 registros únicos

Verificando conflitos na planilha mestre...
  Sem conflito (serão preenchidos): 1
  Com conflito (já preenchidos)   : 0

Aplicando atualizações...

Regenerando formulario.html...
  formulario.html atualizado — 548 fazendas, 4355 talhões.

==================================================
  Consolidação concluída!
  Registros processados : 2
  Linhas atualizadas    : 1
  Conflitos ignorados   : 0
  Arquivos movidos para : exports\processados/ (2/2)
  Log salvo na aba 'Log Exportações'
==================================================
[2026-05-20 16:02:38] Sessão encerrada
Encontrados 2 arquivo(s) de export:

  ✓ export_frentes_jcamilo_2026-05-20.xlsx — 1 registros
  ✓ export_frentes_jcamilo_2026-05-20_1779303745821.xlsx — 1 registros

Total de registros para processar: 2
Após deduplicação por LAYER: 1 registros únicos

Verificando conflitos na planilha mestre...
  Sem conflito (serão preenchidos): 1
  Com conflito (já preenchidos)   : 0

Aplicando atualizações...

Regenerando formulario.html...
  formulario.html atualizado — 548 fazendas, 4355 talhões.

==================================================
  Consolidação concluída!
  Registros processados : 2
  Linhas atualizadas    : 1
  Conflitos ignorados   : 0
  Arquivos movidos para : exports\processados/ (2/2)
  Log salvo na aba 'Log Exportações'
==================================================
[2026-05-20 16:02:38] Sessão encerrada

============================================================
[2026-05-20 16:41:43] Sessão iniciada
============================================================

============================================================
[2026-05-20 16:41:43] Sessão iniciada
============================================================
Encontrados 2 arquivo(s) de export:

  ✓ export_frentes_jcamilo_2026-05-20.xlsx — 1 registros
  ✓ export_frentes_jcamilo_2026-05-20_1779306102449.xlsx — 1 registros

Total de registros para processar: 2
Após deduplicação por LAYER: 1 registros únicos

Verificando conflitos na planilha mestre...
  Sem conflito (serão preenchidos): 1
  Com conflito (já preenchidos)   : 0

Aplicando atualizações...

Regenerando formulario.html...
  formulario.html atualizado — 548 fazendas, 4355 talhões.

==================================================
  Consolidação concluída!
  Registros processados : 2
  Linhas atualizadas    : 1
  Conflitos ignorados   : 0
  Arquivos movidos para : exports\processados/ (2/2)
  Log salvo na aba 'Log Exportações'
==================================================
[2026-05-20 16:41:49] Sessão encerrada
Encontrados 2 arquivo(s) de export:

  ✓ export_frentes_jcamilo_2026-05-20.xlsx — 1 registros
  ✓ export_frentes_jcamilo_2026-05-20_1779306102449.xlsx — 1 registros

Total de registros para processar: 2
Após deduplicação por LAYER: 1 registros únicos

Verificando conflitos na planilha mestre...
  Sem conflito (serão preenchidos): 1
  Com conflito (já preenchidos)   : 0

Aplicando atualizações...

Regenerando formulario.html...
  formulario.html atualizado — 548 fazendas, 4355 talhões.

==================================================
  Consolidação concluída!
  Registros processados : 2
  Linhas atualizadas    : 1
  Conflitos ignorados   : 0
  Arquivos movidos para : exports\processados/ (2/2)
  Log salvo na aba 'Log Exportações'
==================================================
[2026-05-20 16:41:49] Sessão encerrada

============================================================
[2026-05-21 10:17:50] Sessão iniciada
============================================================

============================================================
[2026-05-21 10:17:50] Sessão iniciada
============================================================
Encontrados 2 arquivo(s) de export:

  ✓ export_frentes_jcamilo_2026-05-21.xlsx — 8 registros
  ✓ export_frentes_jcamilo_2026-05-21_1779369467113.xlsx — 8 registros

Total de registros para processar: 16
Após deduplicação por LAYER: 8 registros únicos

Verificando conflitos na planilha mestre...
  Sem conflito (serão preenchidos): 2
  Com conflito (já preenchidos)   : 6

============================================================
  ATENÇÃO: 6 talhão(ões) já têm preenchimento.
============================================================

O que deseja fazer?

  1 - Ver cada conflito e decidir um por um
  2 - Sobrescrever TODOS automaticamente
  3 - Manter TODOS (não sobrescreve nenhum conflito)

Digite 1, 2 ou 3: Encontrados 2 arquivo(s) de export:

  ✓ export_frentes_jcamilo_2026-05-21.xlsx — 8 registros
  ✓ export_frentes_jcamilo_2026-05-21_1779369467113.xlsx — 8 registros

Total de registros para processar: 16
Após deduplicação por LAYER: 8 registros únicos

Verificando conflitos na planilha mestre...
  Sem conflito (serão preenchidos): 2
  Com conflito (já preenchidos)   : 6

============================================================
  ATENÇÃO: 6 talhão(ões) já têm preenchimento.
============================================================

O que deseja fazer?

  1 - Ver cada conflito e decidir um por um
  2 - Sobrescrever TODOS automaticamente
  3 - Manter TODOS (não sobrescreve nenhum conflito)

Digite 1, 2 ou 3: 
  → Todos os 6 conflitos serão sobrescritos.

Aplicando atualizações...

Regenerando formulario.html...
  formulario.html atualizado — 548 fazendas, 4355 talhões.

==================================================
  Consolidação concluída!
  Registros processados : 16
  Linhas atualizadas    : 8
  Conflitos ignorados   : 0
  Arquivos movidos para : exports\processados/ (2/2)
  Log salvo na aba 'Log Exportações'
==================================================
[2026-05-21 10:17:58] Sessão encerrada

  → Todos os 6 conflitos serão sobrescritos.

Aplicando atualizações...

Regenerando formulario.html...
  formulario.html atualizado — 548 fazendas, 4355 talhões.

==================================================
  Consolidação concluída!
  Registros processados : 16
  Linhas atualizadas    : 8
  Conflitos ignorados   : 0
  Arquivos movidos para : exports\processados/ (2/2)
  Log salvo na aba 'Log Exportações'
==================================================
[2026-05-21 10:17:58] Sessão encerrada

============================================================
[2026-05-21 11:52:40] Sessão iniciada
============================================================

============================================================
[2026-05-21 11:52:40] Sessão iniciada
============================================================
Encontrados 2 arquivo(s) de export:

  ✓ export_frentes_jcamilo_2026-05-21.xlsx — 6 registros
  ✓ export_frentes_jcamilo_2026-05-21_1779375153173.xlsx — 6 registros

Total de registros para processar: 12
Após deduplicação por LAYER: 6 registros únicos

Verificando conflitos na planilha mestre...
  Sem conflito (serão preenchidos): 0
  Com conflito (já preenchidos)   : 6

============================================================
  ATENÇÃO: 6 talhão(ões) já têm preenchimento.
============================================================

O que deseja fazer?

  1 - Ver cada conflito e decidir um por um
  2 - Sobrescrever TODOS automaticamente
  3 - Manter TODOS (não sobrescreve nenhum conflito)

Digite 1, 2 ou 3: Encontrados 2 arquivo(s) de export:

  ✓ export_frentes_jcamilo_2026-05-21.xlsx — 6 registros
  ✓ export_frentes_jcamilo_2026-05-21_1779375153173.xlsx — 6 registros

Total de registros para processar: 12
Após deduplicação por LAYER: 6 registros únicos

Verificando conflitos na planilha mestre...
  Sem conflito (serão preenchidos): 0
  Com conflito (já preenchidos)   : 6

============================================================
  ATENÇÃO: 6 talhão(ões) já têm preenchimento.
============================================================

O que deseja fazer?

  1 - Ver cada conflito e decidir um por um
  2 - Sobrescrever TODOS automaticamente
  3 - Manter TODOS (não sobrescreve nenhum conflito)

Digite 1, 2 ou 3: 
  → Todos os 6 conflitos serão sobrescritos.

Aplicando atualizações...

Regenerando formulario.html...
  formulario.html atualizado — 548 fazendas, 4355 talhões.

==================================================
  Consolidação concluída!
  Registros processados : 12
  Linhas atualizadas    : 6
  Conflitos ignorados   : 0
  Arquivos movidos para : exports\processados/ (2/2)
  Log salvo na aba 'Log Exportações'
==================================================
[2026-05-21 11:52:47] Sessão encerrada

  → Todos os 6 conflitos serão sobrescritos.

Aplicando atualizações...

Regenerando formulario.html...
  formulario.html atualizado — 548 fazendas, 4355 talhões.

==================================================
  Consolidação concluída!
  Registros processados : 12
  Linhas atualizadas    : 6
  Conflitos ignorados   : 0
  Arquivos movidos para : exports\processados/ (2/2)
  Log salvo na aba 'Log Exportações'
==================================================
[2026-05-21 11:52:47] Sessão encerrada

============================================================
[2026-05-21 12:21:32] Sessão iniciada
============================================================

============================================================
[2026-05-21 12:21:32] Sessão iniciada
============================================================
Encontrados 2 arquivo(s) de export:

  ✓ export_frentes_jcamilo_2026-05-21.xlsx — 6 registros
  ✓ export_frentes_jcamilo_2026-05-21_1779376881929.xlsx — 6 registros

Total de registros para processar: 12
Após deduplicação por LAYER: 6 registros únicos

Verificando conflitos na planilha mestre...
  Sem conflito (serão preenchidos): 6
  Com conflito (já preenchidos)   : 0

Aplicando atualizações...

Regenerando formulario.html...
  formulario.html atualizado — 548 fazendas, 4355 talhões.

==================================================
  Consolidação concluída!
  Registros processados : 12
  Linhas atualizadas    : 6
  Conflitos ignorados   : 0
  Arquivos movidos para : exports\processados/ (2/2)
  Log salvo na aba 'Log Exportações'
==================================================
[2026-05-21 12:21:39] Sessão encerrada
Encontrados 2 arquivo(s) de export:

  ✓ export_frentes_jcamilo_2026-05-21.xlsx — 6 registros
  ✓ export_frentes_jcamilo_2026-05-21_1779376881929.xlsx — 6 registros

Total de registros para processar: 12
Após deduplicação por LAYER: 6 registros únicos

Verificando conflitos na planilha mestre...
  Sem conflito (serão preenchidos): 6
  Com conflito (já preenchidos)   : 0

Aplicando atualizações...

Regenerando formulario.html...
  formulario.html atualizado — 548 fazendas, 4355 talhões.

==================================================
  Consolidação concluída!
  Registros processados : 12
  Linhas atualizadas    : 6
  Conflitos ignorados   : 0
  Arquivos movidos para : exports\processados/ (2/2)
  Log salvo na aba 'Log Exportações'
==================================================
[2026-05-21 12:21:39] Sessão encerrada

============================================================
[2026-05-21 14:35:00] Sessão iniciada
============================================================

============================================================
[2026-05-21 14:35:00] Sessão iniciada
============================================================
Encontrados 2 arquivo(s) de export:

  ✓ export_frentes_jcamilo_2026-05-21.xlsx — 11 registros
  ✓ export_frentes_jcamilo_2026-05-21_1779384891990.xlsx — 11 registros

Total de registros para processar: 22
Após deduplicação por LAYER: 11 registros únicos

Verificando conflitos na planilha mestre...
  Sem conflito (serão preenchidos): 3
  Com conflito (já preenchidos)   : 8

============================================================
  ATENÇÃO: 8 talhão(ões) já têm preenchimento.
============================================================

O que deseja fazer?

  1 - Ver cada conflito e decidir um por um
  2 - Sobrescrever TODOS automaticamente
  3 - Manter TODOS (não sobrescreve nenhum conflito)

Digite 1, 2 ou 3: Encontrados 2 arquivo(s) de export:

  ✓ export_frentes_jcamilo_2026-05-21.xlsx — 11 registros
  ✓ export_frentes_jcamilo_2026-05-21_1779384891990.xlsx — 11 registros

Total de registros para processar: 22
Após deduplicação por LAYER: 11 registros únicos

Verificando conflitos na planilha mestre...
  Sem conflito (serão preenchidos): 3
  Com conflito (já preenchidos)   : 8

============================================================
  ATENÇÃO: 8 talhão(ões) já têm preenchimento.
============================================================

O que deseja fazer?

  1 - Ver cada conflito e decidir um por um
  2 - Sobrescrever TODOS automaticamente
  3 - Manter TODOS (não sobrescreve nenhum conflito)

Digite 1, 2 ou 3: 
  → Todos os 8 conflitos serão sobrescritos.

Aplicando atualizações...

Regenerando formulario.html...
  formulario.html atualizado — 548 fazendas, 4355 talhões.

==================================================
  Consolidação concluída!
  Registros processados : 22
  Linhas atualizadas    : 11
  Conflitos ignorados   : 0
  Arquivos movidos para : exports\processados/ (2/2)
  Log salvo na aba 'Log Exportações'
==================================================
[2026-05-21 14:35:06] Sessão encerrada

  → Todos os 8 conflitos serão sobrescritos.

Aplicando atualizações...

Regenerando formulario.html...
  formulario.html atualizado — 548 fazendas, 4355 talhões.

==================================================
  Consolidação concluída!
  Registros processados : 22
  Linhas atualizadas    : 11
  Conflitos ignorados   : 0
  Arquivos movidos para : exports\processados/ (2/2)
  Log salvo na aba 'Log Exportações'
==================================================
[2026-05-21 14:35:06] Sessão encerrada

============================================================
[2026-05-21 16:06:16] Sessão iniciada
============================================================

============================================================
[2026-05-21 16:06:16] Sessão iniciada
============================================================
Encontrados 2 arquivo(s) de export:

  ✓ export_frentes_jcamilo_2026-05-21.xlsx — 7 registros
  ✓ export_frentes_jcamilo_2026-05-21_1779390371508.xlsx — 7 registros

Total de registros para processar: 14
Após deduplicação por LAYER: 7 registros únicos

Verificando conflitos na planilha mestre...
  Sem conflito (serão preenchidos): 2
  Com conflito (já preenchidos)   : 5

============================================================
  ATENÇÃO: 5 talhão(ões) já têm preenchimento.
============================================================

O que deseja fazer?

  1 - Ver cada conflito e decidir um por um
  2 - Sobrescrever TODOS automaticamente
  3 - Manter TODOS (não sobrescreve nenhum conflito)

Digite 1, 2 ou 3: Encontrados 2 arquivo(s) de export:

  ✓ export_frentes_jcamilo_2026-05-21.xlsx — 7 registros
  ✓ export_frentes_jcamilo_2026-05-21_1779390371508.xlsx — 7 registros

Total de registros para processar: 14
Após deduplicação por LAYER: 7 registros únicos

Verificando conflitos na planilha mestre...
  Sem conflito (serão preenchidos): 2
  Com conflito (já preenchidos)   : 5

============================================================
  ATENÇÃO: 5 talhão(ões) já têm preenchimento.
============================================================

O que deseja fazer?

  1 - Ver cada conflito e decidir um por um
  2 - Sobrescrever TODOS automaticamente
  3 - Manter TODOS (não sobrescreve nenhum conflito)

Digite 1, 2 ou 3: 
  → Todos os 5 conflitos serão sobrescritos.

Aplicando atualizações...

Regenerando formulario.html...
  formulario.html atualizado — 548 fazendas, 4355 talhões.

==================================================
  Consolidação concluída!
  Registros processados : 14
  Linhas atualizadas    : 7
  Conflitos ignorados   : 0
  Arquivos movidos para : exports\processados/ (2/2)
  Log salvo na aba 'Log Exportações'
==================================================
[2026-05-21 16:06:21] Sessão encerrada

  → Todos os 5 conflitos serão sobrescritos.

Aplicando atualizações...

Regenerando formulario.html...
  formulario.html atualizado — 548 fazendas, 4355 talhões.

==================================================
  Consolidação concluída!
  Registros processados : 14
  Linhas atualizadas    : 7
  Conflitos ignorados   : 0
  Arquivos movidos para : exports\processados/ (2/2)
  Log salvo na aba 'Log Exportações'
==================================================
[2026-05-21 16:06:21] Sessão encerrada

============================================================
[2026-05-22 08:53:41] Sessão iniciada
============================================================

============================================================
[2026-05-22 08:53:41] Sessão iniciada
============================================================
Encontrados 2 arquivo(s) de export:

  ✓ export_frentes_igabriel_2026-05-22.xlsx — 57 registros
  ✓ export_frentes_igabriel_2026-05-22_1779450819186.xlsx — 57 registros

Total de registros para processar: 114
Após deduplicação por LAYER: 57 registros únicos

Verificando conflitos na planilha mestre...
  Sem conflito (serão preenchidos): 11
  Com conflito (já preenchidos)   : 46

============================================================
  ATENÇÃO: 46 talhão(ões) já têm preenchimento.
============================================================

O que deseja fazer?

  1 - Ver cada conflito e decidir um por um
  2 - Sobrescrever TODOS automaticamente
  3 - Manter TODOS (não sobrescreve nenhum conflito)

Digite 1, 2 ou 3: Encontrados 2 arquivo(s) de export:

  ✓ export_frentes_igabriel_2026-05-22.xlsx — 57 registros
  ✓ export_frentes_igabriel_2026-05-22_1779450819186.xlsx — 57 registros

Total de registros para processar: 114
Após deduplicação por LAYER: 57 registros únicos

Verificando conflitos na planilha mestre...
  Sem conflito (serão preenchidos): 11
  Com conflito (já preenchidos)   : 46

============================================================
  ATENÇÃO: 46 talhão(ões) já têm preenchimento.
============================================================

O que deseja fazer?

  1 - Ver cada conflito e decidir um por um
  2 - Sobrescrever TODOS automaticamente
  3 - Manter TODOS (não sobrescreve nenhum conflito)

Digite 1, 2 ou 3: 
  → Todos os 46 conflitos serão sobrescritos.

Aplicando atualizações...

Regenerando formulario.html...
  formulario.html atualizado — 548 fazendas, 4355 talhões.
  AVISO: não foi possível mover export_frentes_igabriel_2026-05-22.xlsx: [WinError 2] O sistema não pode encontrar o arquivo especificado
  AVISO: export_frentes_igabriel_2026-05-22_1779450819186.xlsx não encontrado (já movido?). Ignorando.

==================================================
  Consolidação concluída!
  Registros processados : 114
  Linhas atualizadas    : 57
  Conflitos ignorados   : 0
  Arquivos movidos para : exports\processados/ (0/2)
  Log salvo na aba 'Log Exportações'
==================================================
[2026-05-22 08:53:50] Sessão encerrada

  → Todos os 46 conflitos serão sobrescritos.

Aplicando atualizações...

Regenerando formulario.html...
  formulario.html atualizado — 548 fazendas, 4355 talhões.

==================================================
  Consolidação concluída!
  Registros processados : 114
  Linhas atualizadas    : 57
  Conflitos ignorados   : 0
  Arquivos movidos para : exports\processados/ (2/2)
  Log salvo na aba 'Log Exportações'
==================================================
[2026-05-22 08:53:50] Sessão encerrada

============================================================
[2026-05-22 11:40:42] Sessão iniciada
============================================================

============================================================
[2026-05-22 11:40:42] Sessão iniciada
============================================================
Encontrados 2 arquivo(s) de export:

  ✓ export_frentes_jcamilo_2026-05-22.xlsx — 5 registros
  ✓ export_frentes_jcamilo_2026-05-22_1779460834355.xlsx — 5 registros

Total de registros para processar: 10
Após deduplicação por LAYER: 5 registros únicos

Verificando conflitos na planilha mestre...
  Sem conflito (serão preenchidos): 1
  Com conflito (já preenchidos)   : 4

============================================================
  ATENÇÃO: 4 talhão(ões) já têm preenchimento.
============================================================

O que deseja fazer?

  1 - Ver cada conflito e decidir um por um
  2 - Sobrescrever TODOS automaticamente
  3 - Manter TODOS (não sobrescreve nenhum conflito)

Digite 1, 2 ou 3: Encontrados 2 arquivo(s) de export:

  ✓ export_frentes_jcamilo_2026-05-22.xlsx — 5 registros
  ✓ export_frentes_jcamilo_2026-05-22_1779460834355.xlsx — 5 registros

Total de registros para processar: 10
Após deduplicação por LAYER: 5 registros únicos

Verificando conflitos na planilha mestre...
  Sem conflito (serão preenchidos): 1
  Com conflito (já preenchidos)   : 4

============================================================
  ATENÇÃO: 4 talhão(ões) já têm preenchimento.
============================================================

O que deseja fazer?

  1 - Ver cada conflito e decidir um por um
  2 - Sobrescrever TODOS automaticamente
  3 - Manter TODOS (não sobrescreve nenhum conflito)

Digite 1, 2 ou 3: 
  → Todos os 4 conflitos serão sobrescritos.

Aplicando atualizações...

Regenerando formulario.html...
  formulario.html atualizado — 548 fazendas, 4355 talhões.
  AVISO: export_frentes_jcamilo_2026-05-22_1779460834355.xlsx não encontrado (já movido?). Ignorando.

==================================================
  Consolidação concluída!
  Registros processados : 10
  Linhas atualizadas    : 5
  Conflitos ignorados   : 0
  Arquivos movidos para : exports\processados/ (1/2)
  Log salvo na aba 'Log Exportações'
==================================================
[2026-05-22 11:40:51] Sessão encerrada

  → Todos os 4 conflitos serão sobrescritos.

Aplicando atualizações...

Regenerando formulario.html...
  formulario.html atualizado — 548 fazendas, 4355 talhões.
  AVISO: export_frentes_jcamilo_2026-05-22.xlsx não encontrado (já movido?). Ignorando.

==================================================
  Consolidação concluída!
  Registros processados : 10
  Linhas atualizadas    : 5
  Conflitos ignorados   : 0
  Arquivos movidos para : exports\processados/ (1/2)
  Log salvo na aba 'Log Exportações'
==================================================
[2026-05-22 11:40:51] Sessão encerrada

============================================================
[2026-05-22 12:23:53] Sessão iniciada
============================================================

============================================================
[2026-05-22 12:23:53] Sessão iniciada
============================================================
Encontrados 2 arquivo(s) de export:

  ✓ export_frentes_jcamilo_2026-05-22.xlsx — 8 registros
  ✓ export_frentes_jcamilo_2026-05-22_1779463426154.xlsx — 8 registros

Total de registros para processar: 16
Após deduplicação por LAYER: 8 registros únicos

Verificando conflitos na planilha mestre...
  Sem conflito (serão preenchidos): 0
  Com conflito (já preenchidos)   : 8

============================================================
  ATENÇÃO: 8 talhão(ões) já têm preenchimento.
============================================================

O que deseja fazer?

  1 - Ver cada conflito e decidir um por um
  2 - Sobrescrever TODOS automaticamente
  3 - Manter TODOS (não sobrescreve nenhum conflito)

Digite 1, 2 ou 3: 
  → Todos os 8 conflitos serão sobrescritos.

Aplicando atualizações...

Regenerando formulario.html...
  formulario.html atualizado — 548 fazendas, 4355 talhões.

==================================================
  Consolidação concluída!
  Registros processados : 16
  Linhas atualizadas    : 8
  Conflitos ignorados   : 0
  Arquivos movidos para : exports\processados/ (2/2)
  Log salvo na aba 'Log Exportações'
==================================================
[2026-05-22 12:23:59] Sessão encerrada

  → Todos os 8 conflitos serão sobrescritos.

Aplicando atualizações...

Regenerando formulario.html...
  formulario.html atualizado — 548 fazendas, 4355 talhões.

==================================================
  Consolidação concluída!
  Registros processados : 16
  Linhas atualizadas    : 8
  Conflitos ignorados   : 0
  Arquivos movidos para : exports\processados/ (2/2)
  Log salvo na aba 'Log Exportações'
==================================================
[2026-05-22 12:23:59] Sessão encerrada

============================================================
[2026-05-22 14:03:11] Sessão iniciada
============================================================

============================================================
[2026-05-22 14:03:11] Sessão iniciada
============================================================
Encontrados 2 arquivo(s) de export:

  ✓ export_frentes_igabriel_2026-05-22.xlsx — 9 registros
  ✓ export_frentes_igabriel_2026-05-22_1779469386810.xlsx — 9 registros

Total de registros para processar: 18
Após deduplicação por LAYER: 9 registros únicos

Verificando conflitos na planilha mestre...
  Sem conflito (serão preenchidos): 9
  Com conflito (já preenchidos)   : 0

Aplicando atualizações...

Regenerando formulario.html...
  formulario.html atualizado — 548 fazendas, 4355 talhões.

==================================================
  Consolidação concluída!
  Registros processados : 18
  Linhas atualizadas    : 9
  Conflitos ignorados   : 0
  Arquivos movidos para : exports\processados/ (2/2)
  Log salvo na aba 'Log Exportações'
==================================================
[2026-05-22 14:03:16] Sessão encerrada
Encontrados 2 arquivo(s) de export:

  ✓ export_frentes_igabriel_2026-05-22.xlsx — 9 registros
  ✓ export_frentes_igabriel_2026-05-22_1779469386810.xlsx — 9 registros

Total de registros para processar: 18
Após deduplicação por LAYER: 9 registros únicos

Verificando conflitos na planilha mestre...
  Sem conflito (serão preenchidos): 9
  Com conflito (já preenchidos)   : 0

Aplicando atualizações...

Regenerando formulario.html...
  formulario.html atualizado — 548 fazendas, 4355 talhões.
  AVISO: não foi possível mover export_frentes_igabriel_2026-05-22.xlsx: [WinError 2] O sistema não pode encontrar o arquivo especificado

==================================================
  Consolidação concluída!
  Registros processados : 18
  Linhas atualizadas    : 9
  Conflitos ignorados   : 0
  Arquivos movidos para : exports\processados/ (1/2)
  Log salvo na aba 'Log Exportações'
==================================================
[2026-05-22 14:03:16] Sessão encerrada

============================================================
[2026-05-22 16:28:50] Sessão iniciada
============================================================
Encontrados 1 arquivo(s) de export:

  ✓ export_frentes_jcamilo_2026-05-22_1779478122580.xlsx — 5 registros

Total de registros para processar: 5
Após deduplicação por LAYER: 5 registros únicos

Verificando conflitos na planilha mestre...
  Sem conflito (serão preenchidos): 5
  Com conflito (já preenchidos)   : 0

Aplicando atualizações...

Regenerando formulario.html...
  formulario.html atualizado — 548 fazendas, 4355 talhões.

==================================================
  Consolidação concluída!
  Registros processados : 5
  Linhas atualizadas    : 5
  Conflitos ignorados   : 0
  Arquivos movidos para : exports\processados/ (1/1)
  Log salvo na aba 'Log Exportações'
==================================================
[2026-05-22 16:28:57] Sessão encerrada

============================================================
[2026-05-25 07:56:38] Sessão iniciada
============================================================
Encontrados 1 arquivo(s) de export:

  ✓ export_frentes_lmalerbo_2026-05-25_1779706597216.xlsx — 13 registros

Total de registros para processar: 13
Após deduplicação por LAYER: 13 registros únicos

Verificando conflitos na planilha mestre...
  Sem conflito (serão preenchidos): 2
  Com conflito (já preenchidos)   : 11

============================================================
  ATENÇÃO: 11 talhão(ões) já têm preenchimento.
============================================================

O que deseja fazer?

  1 - Ver cada conflito e decidir um por um
  2 - Sobrescrever TODOS automaticamente
  3 - Manter TODOS (não sobrescreve nenhum conflito)

Digite 1, 2 ou 3: 
  → Todos os 11 conflitos serão sobrescritos.

Aplicando atualizações...

Regenerando formulario.html...
  formulario.html atualizado — 548 fazendas, 4355 talhões.

==================================================
  Consolidação concluída!
  Registros processados : 13
  Linhas atualizadas    : 13
  Conflitos ignorados   : 0
  Arquivos movidos para : exports\processados/ (1/1)
  Log salvo na aba 'Log Exportações'
==================================================
[2026-05-25 07:56:43] Sessão encerrada

============================================================
[2026-05-25 08:00:16] Sessão iniciada
============================================================
Encontrados 1 arquivo(s) de export:

  ✓ export_frentes_lmalerbo_2026-05-25_1779706815586.xlsx — 8 registros

Total de registros para processar: 8
Após deduplicação por LAYER: 8 registros únicos

Verificando conflitos na planilha mestre...
  Sem conflito (serão preenchidos): 0
  Com conflito (já preenchidos)   : 8

============================================================
  ATENÇÃO: 8 talhão(ões) já têm preenchimento.
============================================================

O que deseja fazer?

  1 - Ver cada conflito e decidir um por um
  2 - Sobrescrever TODOS automaticamente
  3 - Manter TODOS (não sobrescreve nenhum conflito)

Digite 1, 2 ou 3: 
  → Todos os 8 conflitos serão sobrescritos.

Aplicando atualizações...

Regenerando formulario.html...
  formulario.html atualizado — 548 fazendas, 4355 talhões.

==================================================
  Consolidação concluída!
  Registros processados : 8
  Linhas atualizadas    : 8
  Conflitos ignorados   : 0
  Arquivos movidos para : exports\processados/ (1/1)
  Log salvo na aba 'Log Exportações'
==================================================
[2026-05-25 08:00:23] Sessão encerrada

============================================================
[2026-05-25 08:01:50] Sessão iniciada
============================================================
Encontrados 1 arquivo(s) de export:

  ✓ export_frentes_igabriel_2026-05-25_1779706910287.xlsx — 7 registros

Total de registros para processar: 7
Após deduplicação por LAYER: 7 registros únicos

Verificando conflitos na planilha mestre...
  Sem conflito (serão preenchidos): 0
  Com conflito (já preenchidos)   : 7

============================================================
  ATENÇÃO: 7 talhão(ões) já têm preenchimento.
============================================================

O que deseja fazer?

  1 - Ver cada conflito e decidir um por um
  2 - Sobrescrever TODOS automaticamente
  3 - Manter TODOS (não sobrescreve nenhum conflito)

Digite 1, 2 ou 3: 
  → Todos os 7 conflitos serão sobrescritos.

Aplicando atualizações...

Regenerando formulario.html...
  formulario.html atualizado — 548 fazendas, 4355 talhões.

==================================================
  Consolidação concluída!
  Registros processados : 7
  Linhas atualizadas    : 7
  Conflitos ignorados   : 0
  Arquivos movidos para : exports\processados/ (1/1)
  Log salvo na aba 'Log Exportações'
==================================================
[2026-05-25 08:01:54] Sessão encerrada

============================================================
[2026-05-25 10:35:47] Sessão iniciada
============================================================
Encontrados 1 arquivo(s) de export:

  ✓ export_frentes_igabriel_2026-05-25_1779716145682.xlsx — 39 registros

Total de registros para processar: 39
Após deduplicação por LAYER: 39 registros únicos

Verificando conflitos na planilha mestre...
  Sem conflito (serão preenchidos): 17
  Com conflito (já preenchidos)   : 22

============================================================
  ATENÇÃO: 22 talhão(ões) já têm preenchimento.
============================================================

O que deseja fazer?

  1 - Ver cada conflito e decidir um por um
  2 - Sobrescrever TODOS automaticamente
  3 - Manter TODOS (não sobrescreve nenhum conflito)

Digite 1, 2 ou 3: 
  → Todos os 22 conflitos serão sobrescritos.

Aplicando atualizações...

Regenerando formulario.html...
  formulario.html atualizado — 548 fazendas, 4355 talhões.

==================================================
  Consolidação concluída!
  Registros processados : 39
  Linhas atualizadas    : 39
  Conflitos ignorados   : 0
  Arquivos movidos para : exports\processados/ (1/1)
  Log salvo na aba 'Log Exportações'
==================================================
[2026-05-25 10:35:56] Sessão encerrada

============================================================
[2026-05-25 10:40:53] Sessão iniciada
============================================================
Encontrados 1 arquivo(s) de export:

  ✓ export_frentes_igabriel_2026-05-25_1779716452611.xlsx — 6 registros

Total de registros para processar: 6
Após deduplicação por LAYER: 6 registros únicos

Verificando conflitos na planilha mestre...
  Sem conflito (serão preenchidos): 0
  Com conflito (já preenchidos)   : 6

============================================================
  ATENÇÃO: 6 talhão(ões) já têm preenchimento.
============================================================

O que deseja fazer?

  1 - Ver cada conflito e decidir um por um
  2 - Sobrescrever TODOS automaticamente
  3 - Manter TODOS (não sobrescreve nenhum conflito)

Digite 1, 2 ou 3: 
  → Todos os 6 conflitos serão sobrescritos.

Aplicando atualizações...

Regenerando formulario.html...
  formulario.html atualizado — 548 fazendas, 4355 talhões.

==================================================
  Consolidação concluída!
  Registros processados : 6
  Linhas atualizadas    : 6
  Conflitos ignorados   : 0
  Arquivos movidos para : exports\processados/ (1/1)
  Log salvo na aba 'Log Exportações'
==================================================
[2026-05-25 10:40:59] Sessão encerrada

============================================================
[2026-05-25 11:45:15] Sessão iniciada
============================================================
Encontrados 1 arquivo(s) de export:

  ✓ export_frentes_lmalerbo_2026-05-25_1779720313369.xlsx — 8 registros

Total de registros para processar: 8
Após deduplicação por LAYER: 8 registros únicos

Verificando conflitos na planilha mestre...
  Sem conflito (serão preenchidos): 0
  Com conflito (já preenchidos)   : 8

============================================================
  ATENÇÃO: 8 talhão(ões) já têm preenchimento.
============================================================

O que deseja fazer?

  1 - Ver cada conflito e decidir um por um
  2 - Sobrescrever TODOS automaticamente
  3 - Manter TODOS (não sobrescreve nenhum conflito)

Digite 1, 2 ou 3: 
  → Todos os 8 conflitos serão sobrescritos.

Aplicando atualizações...

Regenerando formulario.html...
  formulario.html atualizado — sem alterações.

==================================================
  Consolidação concluída!
  Registros processados : 8
  Linhas atualizadas    : 8
  Conflitos ignorados   : 0
  Arquivos movidos para : exports\processados/ (1/1)
  Log salvo na aba 'Log Exportações'
==================================================
[2026-05-25 11:45:20] Sessão encerrada

============================================================
[2026-05-25 11:48:30] Sessão iniciada
============================================================
Encontrados 1 arquivo(s) de export:

  ✓ export_frentes_lmalerbo_2026-05-25_1779720508649.xlsx — 8 registros

Total de registros para processar: 8
Após deduplicação por LAYER: 8 registros únicos

Verificando conflitos na planilha mestre...
  Sem conflito (serão preenchidos): 0
  Com conflito (já preenchidos)   : 8

============================================================
  ATENÇÃO: 8 talhão(ões) já têm preenchimento.
============================================================

O que deseja fazer?

  1 - Ver cada conflito e decidir um por um
  2 - Sobrescrever TODOS automaticamente
  3 - Manter TODOS (não sobrescreve nenhum conflito)

Digite 1, 2 ou 3: 
  → Todos os 8 conflitos serão sobrescritos.

Aplicando atualizações...

Regenerando formulario.html...
  formulario.html atualizado — sem alterações.

==================================================
  Consolidação concluída!
  Registros processados : 8
  Linhas atualizadas    : 8
  Conflitos ignorados   : 0
  Arquivos movidos para : exports\processados/ (1/1)
  Log salvo na aba 'Log Exportações'
==================================================
[2026-05-25 11:48:36] Sessão encerrada

============================================================
[2026-05-25 12:01:18] Sessão iniciada
============================================================
Encontrados 1 arquivo(s) de export:

  ✓ export_frentes_lmalerbo_2026-05-25_1779721276136.xlsx — 8 registros

Total de registros para processar: 8
Após deduplicação por LAYER: 8 registros únicos

Verificando conflitos na planilha mestre...
  Sem conflito (serão preenchidos): 0
  Com conflito (já preenchidos)   : 8

============================================================
  ATENÇÃO: 8 talhão(ões) já têm preenchimento.
============================================================

O que deseja fazer?

  1 - Ver cada conflito e decidir um por um
  2 - Sobrescrever TODOS automaticamente
  3 - Manter TODOS (não sobrescreve nenhum conflito)

Digite 1, 2 ou 3: 
  → Todos os 8 conflitos serão sobrescritos.

Aplicando atualizações...

Regenerando formulario.html...
  formulario.html atualizado — sem alterações.

==================================================
  Consolidação concluída!
  Registros processados : 8
  Linhas atualizadas    : 8
  Conflitos ignorados   : 0
  Arquivos movidos para : exports\processados/ (1/1)
  Log salvo na aba 'Log Exportações'
==================================================
[2026-05-25 12:01:24] Sessão encerrada

============================================================
[2026-05-25 12:31:29] Sessão iniciada
============================================================
Encontrados 1 arquivo(s) de export:

  ✓ export_frentes_jcamilo_2026-05-25_1779723087860.xlsx — 3 registros

Total de registros para processar: 3
Após deduplicação por LAYER: 3 registros únicos

Verificando conflitos na planilha mestre...
  Sem conflito (serão preenchidos): 0
  Com conflito (já preenchidos)   : 3

============================================================
  ATENÇÃO: 3 talhão(ões) já têm preenchimento.
============================================================

O que deseja fazer?

  1 - Ver cada conflito e decidir um por um
  2 - Sobrescrever TODOS automaticamente
  3 - Manter TODOS (não sobrescreve nenhum conflito)

Digite 1, 2 ou 3: 
  → Todos os 3 conflitos serão sobrescritos.

Aplicando atualizações...

Regenerando formulario.html...
  formulario.html atualizado — sem alterações.

==================================================
  Consolidação concluída!
  Registros processados : 3
  Linhas atualizadas    : 3
  Conflitos ignorados   : 0
  Arquivos movidos para : exports\processados/ (1/1)
  Log salvo na aba 'Log Exportações'
==================================================
[2026-05-25 12:31:36] Sessão encerrada

============================================================
[2026-05-25 12:36:47] Sessão iniciada
============================================================
Encontrados 1 arquivo(s) de export:

  ✓ export_frentes_igabriel_2026-05-25_1779723407097.xlsx — 3 registros

Total de registros para processar: 3
Após deduplicação por LAYER: 3 registros únicos

Verificando conflitos na planilha mestre...
  Sem conflito (serão preenchidos): 0
  Com conflito (já preenchidos)   : 3

============================================================
  ATENÇÃO: 3 talhão(ões) já têm preenchimento.
============================================================

O que deseja fazer?

  1 - Ver cada conflito e decidir um por um
  2 - Sobrescrever TODOS automaticamente
  3 - Manter TODOS (não sobrescreve nenhum conflito)

Digite 1, 2 ou 3: 
  → Todos os 3 conflitos serão sobrescritos.

Aplicando atualizações...

Regenerando formulario.html...
  formulario.html atualizado — 548 fazendas, 4355 talhões.

==================================================
  Consolidação concluída!
  Registros processados : 3
  Linhas atualizadas    : 3
  Conflitos ignorados   : 0
  Arquivos movidos para : exports\processados/ (1/1)
  Log salvo na aba 'Log Exportações'
==================================================
[2026-05-25 12:36:55] Sessão encerrada

============================================================
[2026-05-25 12:38:44] Sessão iniciada
============================================================
Encontrados 1 arquivo(s) de export:

  ✓ export_frentes_lmalerbo_2026-05-25_1779723522870.xlsx — 8 registros

Total de registros para processar: 8
Após deduplicação por LAYER: 8 registros únicos

Verificando conflitos na planilha mestre...
  Sem conflito (serão preenchidos): 0
  Com conflito (já preenchidos)   : 8

============================================================
  ATENÇÃO: 8 talhão(ões) já têm preenchimento.
============================================================

O que deseja fazer?

  1 - Ver cada conflito e decidir um por um
  2 - Sobrescrever TODOS automaticamente
  3 - Manter TODOS (não sobrescreve nenhum conflito)

Digite 1, 2 ou 3: 
  → Todos os 8 conflitos serão sobrescritos.

Aplicando atualizações...

Regenerando formulario.html...
  formulario.html atualizado — sem alterações.

==================================================
  Consolidação concluída!
  Registros processados : 8
  Linhas atualizadas    : 8
  Conflitos ignorados   : 0
  Arquivos movidos para : exports\processados/ (1/1)
  Log salvo na aba 'Log Exportações'
==================================================
[2026-05-25 12:38:50] Sessão encerrada

============================================================
[2026-05-25 15:33:45] Sessão iniciada
============================================================
Encontrados 1 arquivo(s) de export:

  ✓ export_frentes_lmalerbo_2026-05-25_1779734023477.xlsx — 113 registros

Total de registros para processar: 113
Após deduplicação por LAYER: 113 registros únicos

Verificando conflitos na planilha mestre...
  Sem conflito (serão preenchidos): 0
  Com conflito (já preenchidos)   : 113

============================================================
  ATENÇÃO: 113 talhão(ões) já têm preenchimento.
============================================================

O que deseja fazer?

  1 - Ver cada conflito e decidir um por um
  2 - Sobrescrever TODOS automaticamente
  3 - Manter TODOS (não sobrescreve nenhum conflito)

Digite 1, 2 ou 3: 
  → Todos os 113 conflitos serão sobrescritos.

Aplicando atualizações...

Regenerando formulario.html...
  formulario.html atualizado — 548 fazendas, 4355 talhões.

==================================================
  Consolidação concluída!
  Registros processados : 113
  Linhas atualizadas    : 113
  Conflitos ignorados   : 0
  Arquivos movidos para : exports\processados/ (1/1)
  Log salvo na aba 'Log Exportações'
==================================================
[2026-05-25 15:33:58] Sessão encerrada

============================================================
[2026-05-25 15:42:53] Sessão iniciada
============================================================
Encontrados 1 arquivo(s) de export:

  ✓ export_frentes_jcamilo_2026-05-25_1779734572762.xlsx — 13 registros

Total de registros para processar: 13
Após deduplicação por LAYER: 13 registros únicos

Verificando conflitos na planilha mestre...
  Sem conflito (serão preenchidos): 0
  Com conflito (já preenchidos)   : 13

============================================================
  ATENÇÃO: 13 talhão(ões) já têm preenchimento.
============================================================

O que deseja fazer?

  1 - Ver cada conflito e decidir um por um
  2 - Sobrescrever TODOS automaticamente
  3 - Manter TODOS (não sobrescreve nenhum conflito)

Digite 1, 2 ou 3: 
  → Todos os 13 conflitos serão sobrescritos.

Aplicando atualizações...

Regenerando formulario.html...
  formulario.html atualizado — 548 fazendas, 4355 talhões.

==================================================
  Consolidação concluída!
  Registros processados : 13
  Linhas atualizadas    : 13
  Conflitos ignorados   : 0
  Arquivos movidos para : exports\processados/ (1/1)
  Log salvo na aba 'Log Exportações'
==================================================
[2026-05-25 15:43:00] Sessão encerrada

============================================================
[2026-05-25 16:08:53] Sessão iniciada
============================================================
Encontrados 1 arquivo(s) de export:

  ✓ export_frentes_jcamilo_2026-05-25_1779736131602.xlsx — 3 registros

Total de registros para processar: 3
Após deduplicação por LAYER: 3 registros únicos

Verificando conflitos na planilha mestre...
  Sem conflito (serão preenchidos): 1
  Com conflito (já preenchidos)   : 2

============================================================
  ATENÇÃO: 2 talhão(ões) já têm preenchimento.
============================================================

O que deseja fazer?

  1 - Ver cada conflito e decidir um por um
  2 - Sobrescrever TODOS automaticamente
  3 - Manter TODOS (não sobrescreve nenhum conflito)

Digite 1, 2 ou 3: 
  → Todos os 2 conflitos serão sobrescritos.

Aplicando atualizações...

Regenerando formulario.html...
  formulario.html atualizado — 548 fazendas, 4355 talhões.

==================================================
  Consolidação concluída!
  Registros processados : 3
  Linhas atualizadas    : 3
  Conflitos ignorados   : 0
  Arquivos movidos para : exports\processados/ (1/1)
  Log salvo na aba 'Log Exportações'
==================================================
[2026-05-25 16:08:59] Sessão encerrada

============================================================
[2026-05-25 16:17:37] Sessão iniciada
============================================================
Encontrados 1 arquivo(s) de export:

  ✓ export_frentes_jcamilo_2026-05-25_1779736655220.xlsx — 2 registros

Total de registros para processar: 2
Após deduplicação por LAYER: 2 registros únicos

Verificando conflitos na planilha mestre...
  Sem conflito (serão preenchidos): 2
  Com conflito (já preenchidos)   : 0

Aplicando atualizações...

Regenerando formulario.html...
  formulario.html atualizado — 548 fazendas, 4355 talhões.

==================================================
  Consolidação concluída!
  Registros processados : 2
  Linhas atualizadas    : 2
  Conflitos ignorados   : 0
  Arquivos movidos para : exports\processados/ (1/1)
  Log salvo na aba 'Log Exportações'
==================================================
[2026-05-25 16:17:43] Sessão encerrada

============================================================
[2026-05-25 16:29:44] Sessão iniciada
============================================================
Encontrados 1 arquivo(s) de export:

  ✓ export_frentes_jcamilo_2026-05-25_1779737382353.xlsx — 2 registros

Total de registros para processar: 2
Após deduplicação por LAYER: 2 registros únicos

Verificando conflitos na planilha mestre...
  Sem conflito (serão preenchidos): 0
  Com conflito (já preenchidos)   : 2

============================================================
  ATENÇÃO: 2 talhão(ões) já têm preenchimento.
============================================================

O que deseja fazer?

  1 - Ver cada conflito e decidir um por um
  2 - Sobrescrever TODOS automaticamente
  3 - Manter TODOS (não sobrescreve nenhum conflito)

Digite 1, 2 ou 3: 
  → Todos os 2 conflitos serão sobrescritos.

Aplicando atualizações...

Regenerando formulario.html...
  formulario.html atualizado — 548 fazendas, 4355 talhões.

==================================================
  Consolidação concluída!
  Registros processados : 2
  Linhas atualizadas    : 2
  Conflitos ignorados   : 0
  Arquivos movidos para : exports\processados/ (1/1)
  Log salvo na aba 'Log Exportações'
==================================================
[2026-05-25 16:29:51] Sessão encerrada

============================================================
[2026-05-25 16:44:43] Sessão iniciada
============================================================
Encontrados 1 arquivo(s) de export:

  ✓ export_frentes_lmalerbo_2026-05-25_1779738281577.xlsx — 3 registros

Total de registros para processar: 3
Após deduplicação por LAYER: 3 registros únicos

Verificando conflitos na planilha mestre...
  Sem conflito (serão preenchidos): 0
  Com conflito (já preenchidos)   : 3

============================================================
  ATENÇÃO: 3 talhão(ões) já têm preenchimento.
============================================================

O que deseja fazer?

  1 - Ver cada conflito e decidir um por um
  2 - Sobrescrever TODOS automaticamente
  3 - Manter TODOS (não sobrescreve nenhum conflito)

Digite 1, 2 ou 3: 
  → Todos os 3 conflitos serão sobrescritos.

Aplicando atualizações...

Regenerando formulario.html...
  formulario.html atualizado — 548 fazendas, 4355 talhões.

==================================================
  Consolidação concluída!
  Registros processados : 3
  Linhas atualizadas    : 3
  Conflitos ignorados   : 0
  Arquivos movidos para : exports\processados/ (1/1)
  Log salvo na aba 'Log Exportações'
==================================================
[2026-05-25 16:44:50] Sessão encerrada

============================================================
[2026-05-25 16:45:29] Sessão iniciada
============================================================
Encontrados 1 arquivo(s) de export:

  ✓ export_frentes_lmalerbo_2026-05-25_1779738328103.xlsx — 3 registros

Total de registros para processar: 3
Após deduplicação por LAYER: 3 registros únicos

Verificando conflitos na planilha mestre...
  Sem conflito (serão preenchidos): 0
  Com conflito (já preenchidos)   : 3

============================================================
  ATENÇÃO: 3 talhão(ões) já têm preenchimento.
============================================================

O que deseja fazer?

  1 - Ver cada conflito e decidir um por um
  2 - Sobrescrever TODOS automaticamente
  3 - Manter TODOS (não sobrescreve nenhum conflito)

Digite 1, 2 ou 3: 
  → Todos os 3 conflitos serão sobrescritos.

Aplicando atualizações...

Regenerando formulario.html...
  formulario.html atualizado — sem alterações.

==================================================
  Consolidação concluída!
  Registros processados : 3
  Linhas atualizadas    : 3
  Conflitos ignorados   : 0
  Arquivos movidos para : exports\processados/ (1/1)
  Log salvo na aba 'Log Exportações'
==================================================
[2026-05-25 16:45:35] Sessão encerrada

============================================================
[2026-05-25 16:50:04] Sessão iniciada
============================================================
Encontrados 1 arquivo(s) de export:

  ✓ export_frentes_lmalerbo_2026-05-25_1779738603907.xlsx — 3 registros

Total de registros para processar: 3
Após deduplicação por LAYER: 3 registros únicos

Verificando conflitos na planilha mestre...
  Sem conflito (serão preenchidos): 0
  Com conflito (já preenchidos)   : 3

============================================================
  ATENÇÃO: 3 talhão(ões) já têm preenchimento.
============================================================

O que deseja fazer?

  1 - Ver cada conflito e decidir um por um
  2 - Sobrescrever TODOS automaticamente
  3 - Manter TODOS (não sobrescreve nenhum conflito)

Digite 1, 2 ou 3: 
  → Todos os 3 conflitos serão sobrescritos.

Aplicando atualizações...

Regenerando formulario.html...
  formulario.html atualizado — sem alterações.

==================================================
  Consolidação concluída!
  Registros processados : 3
  Linhas atualizadas    : 3
  Conflitos ignorados   : 0
  Arquivos movidos para : exports\processados/ (1/1)
  Log salvo na aba 'Log Exportações'
==================================================
[2026-05-25 16:50:11] Sessão encerrada

============================================================
[2026-05-25 17:10:00] Sessão iniciada
============================================================
Encontrados 1 arquivo(s) de export:

  ✓ export_frentes_lmalerbo_2026-05-25_1779739799574.xlsx — 7 registros

Total de registros para processar: 7
Após deduplicação por LAYER: 7 registros únicos

Verificando conflitos na planilha mestre...
  Sem conflito (serão preenchidos): 0
  Com conflito (já preenchidos)   : 7

============================================================
  ATENÇÃO: 7 talhão(ões) já têm preenchimento.
============================================================

O que deseja fazer?

  1 - Ver cada conflito e decidir um por um
  2 - Sobrescrever TODOS automaticamente
  3 - Manter TODOS (não sobrescreve nenhum conflito)

Digite 1, 2 ou 3: 
  → Todos os 7 conflitos serão sobrescritos.

Aplicando atualizações...

Regenerando formulario.html...
  formulario.html atualizado — 548 fazendas, 4355 talhões.

==================================================
  Consolidação concluída!
  Registros processados : 7
  Linhas atualizadas    : 7
  Conflitos ignorados   : 0
  Arquivos movidos para : exports\processados/ (1/1)
  Log salvo na aba 'Log Exportações'
==================================================
[2026-05-25 17:10:05] Sessão encerrada

============================================================
[2026-05-26 08:21:33] Sessão iniciada
============================================================
Encontrados 1 arquivo(s) de export:

  ✓ export_frentes_jcamilo_2026-05-26_1779794492554.xlsx — 4 registros

Total de registros para processar: 4
Após deduplicação por LAYER: 4 registros únicos

Verificando conflitos na planilha mestre...
  Sem conflito (serão preenchidos): 4
  Com conflito (já preenchidos)   : 0

Aplicando atualizações...

Regenerando formulario.html...
  formulario.html atualizado — 548 fazendas, 4355 talhões.

==================================================
  Consolidação concluída!
  Registros processados : 4
  Linhas atualizadas    : 4
  Conflitos ignorados   : 0
  Arquivos movidos para : exports\processados/ (1/1)
  Log salvo na aba 'Log Exportações'
==================================================
[2026-05-26 08:21:42] Sessão encerrada

============================================================
[2026-05-26 08:48:45] Sessão iniciada
============================================================
Encontrados 1 arquivo(s) de export:

  ✓ export_frentes_jcamilo_2026-05-26_1779796124141.xlsx — 7 registros

Total de registros para processar: 7
Após deduplicação por LAYER: 7 registros únicos

Verificando conflitos na planilha mestre...
  Sem conflito (serão preenchidos): 7
  Com conflito (já preenchidos)   : 0

Aplicando atualizações...

Regenerando formulario.html...
  formulario.html atualizado — 548 fazendas, 4355 talhões.

==================================================
  Consolidação concluída!
  Registros processados : 7
  Linhas atualizadas    : 7
  Conflitos ignorados   : 0
  Arquivos movidos para : exports\processados/ (1/1)
  Log salvo na aba 'Log Exportações'
==================================================
[2026-05-26 08:48:54] Sessão encerrada

============================================================
[2026-05-26 09:45:27] Sessão iniciada
============================================================
Encontrados 1 arquivo(s) de export:

  ✓ export_frentes_jcamilo_2026-05-26_1779799526039.xlsx — 5 registros

Total de registros para processar: 5
Após deduplicação por LAYER: 5 registros únicos

Verificando conflitos na planilha mestre...
  Sem conflito (serão preenchidos): 0
  Com conflito (já preenchidos)   : 5

============================================================
  ATENÇÃO: 5 talhão(ões) já têm preenchimento.
============================================================

O que deseja fazer?

  1 - Ver cada conflito e decidir um por um
  2 - Sobrescrever TODOS automaticamente
  3 - Manter TODOS (não sobrescreve nenhum conflito)

Digite 1, 2 ou 3: 
  → Todos os 5 conflitos serão sobrescritos.

Aplicando atualizações...

Regenerando formulario.html...
  formulario.html atualizado — 548 fazendas, 4355 talhões.

==================================================
  Consolidação concluída!
  Registros processados : 5
  Linhas atualizadas    : 5
  Conflitos ignorados   : 0
  Arquivos movidos para : exports\processados/ (1/1)
  Log salvo na aba 'Log Exportações'
==================================================
[2026-05-26 09:45:32] Sessão encerrada

============================================================
[2026-05-26 10:06:52] Sessão iniciada
============================================================
Encontrados 1 arquivo(s) de export:

  ✓ export_frentes_jcamilo_2026-05-26_1779800810967.xlsx — 7 registros

Total de registros para processar: 7
Após deduplicação por LAYER: 7 registros únicos

Verificando conflitos na planilha mestre...
  Sem conflito (serão preenchidos): 0
  Com conflito (já preenchidos)   : 7

============================================================
  ATENÇÃO: 7 talhão(ões) já têm preenchimento.
============================================================

O que deseja fazer?

  1 - Ver cada conflito e decidir um por um
  2 - Sobrescrever TODOS automaticamente
  3 - Manter TODOS (não sobrescreve nenhum conflito)

Digite 1, 2 ou 3: 
  → Todos os 7 conflitos serão sobrescritos.

Aplicando atualizações...

Regenerando formulario.html...
  formulario.html atualizado — 548 fazendas, 4355 talhões.

==================================================
  Consolidação concluída!
  Registros processados : 7
  Linhas atualizadas    : 7
  Conflitos ignorados   : 0
  Arquivos movidos para : exports\processados/ (1/1)
  Log salvo na aba 'Log Exportações'
==================================================
[2026-05-26 10:06:56] Sessão encerrada

============================================================
[2026-05-26 10:50:35] Sessão iniciada
============================================================
Encontrados 1 arquivo(s) de export:

  ✓ export_frentes_jcamilo_2026-05-26_1779803434346.xlsx — 3 registros

Total de registros para processar: 3
Após deduplicação por LAYER: 3 registros únicos

Verificando conflitos na planilha mestre...
  Sem conflito (serão preenchidos): 0
  Com conflito (já preenchidos)   : 3

============================================================
  ATENÇÃO: 3 talhão(ões) já têm preenchimento.
============================================================

O que deseja fazer?

  1 - Ver cada conflito e decidir um por um
  2 - Sobrescrever TODOS automaticamente
  3 - Manter TODOS (não sobrescreve nenhum conflito)

Digite 1, 2 ou 3: 
  → Todos os 3 conflitos serão sobrescritos.

Aplicando atualizações...

Regenerando formulario.html...
  formulario.html atualizado — 548 fazendas, 4355 talhões.

==================================================
  Consolidação concluída!
  Registros processados : 3
  Linhas atualizadas    : 3
  Conflitos ignorados   : 0
  Arquivos movidos para : exports\processados/ (1/1)
  Log salvo na aba 'Log Exportações'
==================================================
[2026-05-26 10:50:39] Sessão encerrada

============================================================
[2026-05-26 11:34:56] Sessão iniciada
============================================================
Encontrados 1 arquivo(s) de export:

  ✓ export_frentes_jcamilo_2026-05-26_1779806094731.xlsx — 1 registros

Total de registros para processar: 1
Após deduplicação por LAYER: 1 registros únicos

Verificando conflitos na planilha mestre...
  Sem conflito (serão preenchidos): 0
  Com conflito (já preenchidos)   : 1

============================================================
  ATENÇÃO: 1 talhão(ões) já têm preenchimento.
============================================================

O que deseja fazer?

  1 - Ver cada conflito e decidir um por um
  2 - Sobrescrever TODOS automaticamente
  3 - Manter TODOS (não sobrescreve nenhum conflito)

Digite 1, 2 ou 3: 
  → Todos os 1 conflitos serão sobrescritos.

Aplicando atualizações...

Regenerando formulario.html...
  formulario.html atualizado — 548 fazendas, 4355 talhões.

==================================================
  Consolidação concluída!
  Registros processados : 1
  Linhas atualizadas    : 1
  Conflitos ignorados   : 0
  Arquivos movidos para : exports\processados/ (1/1)
  Log salvo na aba 'Log Exportações'
==================================================
[2026-05-26 11:35:04] Sessão encerrada

============================================================
[2026-05-26 13:20:08] Sessão iniciada
============================================================
Encontrados 1 arquivo(s) de export:

  ✓ export_frentes_jcamilo_2026-05-26_1779812406391.xlsx — 3 registros

Total de registros para processar: 3
Após deduplicação por LAYER: 3 registros únicos

Verificando conflitos na planilha mestre...
  Sem conflito (serão preenchidos): 0
  Com conflito (já preenchidos)   : 3

============================================================
  ATENÇÃO: 3 talhão(ões) já têm preenchimento.
============================================================

O que deseja fazer?

  1 - Ver cada conflito e decidir um por um
  2 - Sobrescrever TODOS automaticamente
  3 - Manter TODOS (não sobrescreve nenhum conflito)

Digite 1, 2 ou 3: 
  → Todos os 3 conflitos serão sobrescritos.

Aplicando atualizações...

Regenerando formulario.html...
  formulario.html atualizado — 548 fazendas, 4355 talhões.

==================================================
  Consolidação concluída!
  Registros processados : 3
  Linhas atualizadas    : 3
  Conflitos ignorados   : 0
  Arquivos movidos para : exports\processados/ (1/1)
  Log salvo na aba 'Log Exportações'
==================================================
[2026-05-26 13:20:14] Sessão encerrada

============================================================
[2026-05-26 15:16:04] Sessão iniciada
============================================================
Encontrados 1 arquivo(s) de export:

  ✓ export_frentes_jcamilo_2026-05-26_1779819359239.xlsx — 11 registros

Total de registros para processar: 11
Após deduplicação por LAYER: 11 registros únicos

Verificando conflitos na planilha mestre...
  Sem conflito (serão preenchidos): 1
  Com conflito (já preenchidos)   : 10

============================================================
  ATENÇÃO: 10 talhão(ões) já têm preenchimento.
============================================================

O que deseja fazer?

  1 - Ver cada conflito e decidir um por um
  2 - Sobrescrever TODOS automaticamente
  3 - Manter TODOS (não sobrescreve nenhum conflito)

Digite 1, 2 ou 3: 
  → Todos os 10 conflitos serão sobrescritos.

Aplicando atualizações...

Regenerando formulario.html...
  formulario.html atualizado — 548 fazendas, 4355 talhões.

==================================================
  Consolidação concluída!
  Registros processados : 11
  Linhas atualizadas    : 11
  Conflitos ignorados   : 0
  Arquivos movidos para : exports\processados/ (1/1)
  Log salvo na aba 'Log Exportações'
==================================================
[2026-05-26 15:16:10] Sessão encerrada

============================================================
[2026-05-26 15:28:03] Sessão iniciada
============================================================
Encontrados 1 arquivo(s) de export:

  ✓ export_frentes_jcamilo_2026-05-26_1779820079484.xlsx — 9 registros

Total de registros para processar: 9
Após deduplicação por LAYER: 9 registros únicos

Verificando conflitos na planilha mestre...
  Sem conflito (serão preenchidos): 0
  Com conflito (já preenchidos)   : 9

============================================================
  ATENÇÃO: 9 talhão(ões) já têm preenchimento.
============================================================

O que deseja fazer?

  1 - Ver cada conflito e decidir um por um
  2 - Sobrescrever TODOS automaticamente
  3 - Manter TODOS (não sobrescreve nenhum conflito)

Digite 1, 2 ou 3: 
  → Todos os 9 conflitos serão sobrescritos.

Aplicando atualizações...

Regenerando formulario.html...
  formulario.html atualizado — 548 fazendas, 4355 talhões.

==================================================
  Consolidação concluída!
  Registros processados : 9
  Linhas atualizadas    : 9
  Conflitos ignorados   : 0
  Arquivos movidos para : exports\processados/ (1/1)
  Log salvo na aba 'Log Exportações'
==================================================
[2026-05-26 15:28:08] Sessão encerrada

============================================================
[2026-05-26 15:55:43] Sessão iniciada
============================================================
Encontrados 1 arquivo(s) de export:

  ✓ export_frentes_igabriel_2026-05-26_1779821734435.xlsx — 67 registros

Total de registros para processar: 67
Após deduplicação por LAYER: 63 registros únicos

Verificando conflitos na planilha mestre...
  Sem conflito (serão preenchidos): 14
  Com conflito (já preenchidos)   : 49

============================================================
  ATENÇÃO: 49 talhão(ões) já têm preenchimento.
============================================================

O que deseja fazer?

  1 - Ver cada conflito e decidir um por um
  2 - Sobrescrever TODOS automaticamente
  3 - Manter TODOS (não sobrescreve nenhum conflito)

Digite 1, 2 ou 3: 
  → Todos os 49 conflitos serão sobrescritos.

Aplicando atualizações...

Regenerando formulario.html...
  formulario.html atualizado — 548 fazendas, 4355 talhões.

==================================================
  Consolidação concluída!
  Registros processados : 67
  Linhas atualizadas    : 63
  Conflitos ignorados   : 0
  Arquivos movidos para : exports\processados/ (1/1)
  Log salvo na aba 'Log Exportações'
==================================================
[2026-05-26 15:55:49] Sessão encerrada

============================================================
[2026-05-26 16:45:52] Sessão iniciada
============================================================
Encontrados 1 arquivo(s) de export:

  ✓ export_frentes_lmalerbo_2026-05-26_1779824752028.xlsx — 5 registros

Total de registros para processar: 5
Após deduplicação por LAYER: 5 registros únicos

Verificando conflitos na planilha mestre...
  Sem conflito (serão preenchidos): 5
  Com conflito (já preenchidos)   : 0

Aplicando atualizações...

Regenerando formulario.html...
  formulario.html atualizado — 548 fazendas, 4355 talhões.

==================================================
  Consolidação concluída!
  Registros processados : 5
  Linhas atualizadas    : 5
  Conflitos ignorados   : 0
  Arquivos movidos para : exports\processados/ (1/1)
  Log salvo na aba 'Log Exportações'
==================================================
[2026-05-26 16:45:57] Sessão encerrada

============================================================
[2026-05-26 17:02:46] Sessão iniciada
============================================================
Encontrados 1 arquivo(s) de export:

  ✓ export_frentes_igabriel_2026-05-26_1779825764781.xlsx — 15 registros

Total de registros para processar: 15
Após deduplicação por LAYER: 15 registros únicos

Verificando conflitos na planilha mestre...
  Sem conflito (serão preenchidos): 3
  Com conflito (já preenchidos)   : 12

============================================================
  ATENÇÃO: 12 talhão(ões) já têm preenchimento.
============================================================

O que deseja fazer?

  1 - Ver cada conflito e decidir um por um
  2 - Sobrescrever TODOS automaticamente
  3 - Manter TODOS (não sobrescreve nenhum conflito)

Digite 1, 2 ou 3: 
  → Todos os 12 conflitos serão sobrescritos.

Aplicando atualizações...

Regenerando formulario.html...
  formulario.html atualizado — 548 fazendas, 4355 talhões.

==================================================
  Consolidação concluída!
  Registros processados : 15
  Linhas atualizadas    : 15
  Conflitos ignorados   : 0
  Arquivos movidos para : exports\processados/ (1/1)
  Log salvo na aba 'Log Exportações'
==================================================
[2026-05-26 17:02:51] Sessão encerrada

============================================================
[2026-05-27 13:06:07] Sessão iniciada
============================================================
Encontrados 1 arquivo(s) de export:

  ✓ export_frentes_jcamilo_2026-05-27_1779897964927.xlsx — 4 registros

Total de registros para processar: 4
Após deduplicação por LAYER: 4 registros únicos

Verificando conflitos na planilha mestre...
  Sem conflito (serão preenchidos): 0
  Com conflito (já preenchidos)   : 4

============================================================
  ATENÇÃO: 4 talhão(ões) já têm preenchimento.
============================================================

O que deseja fazer?

  1 - Ver cada conflito e decidir um por um
  2 - Sobrescrever TODOS automaticamente
  3 - Manter TODOS (não sobrescreve nenhum conflito)

Digite 1, 2 ou 3: 
  → Todos os 4 conflitos serão sobrescritos.

Aplicando atualizações...

Regenerando formulario.html...
  formulario.html atualizado — 548 fazendas, 4355 talhões.

==================================================
  Consolidação concluída!
  Registros processados : 4
  Linhas atualizadas    : 4
  Conflitos ignorados   : 0
  Arquivos movidos para : exports\processados/ (1/1)
  Log salvo na aba 'Log Exportações'
==================================================
[2026-05-27 13:06:12] Sessão encerrada

============================================================
[2026-05-27 16:23:39] Sessão iniciada
============================================================
Encontrados 1 arquivo(s) de export:

  ✓ export_frentes_jcamilo_2026-05-27_1779909813937.xlsx — 13 registros

Total de registros para processar: 13
Após deduplicação por LAYER: 13 registros únicos

Verificando conflitos na planilha mestre...
  Sem conflito (serão preenchidos): 1
  Com conflito (já preenchidos)   : 12

============================================================
  ATENÇÃO: 12 talhão(ões) já têm preenchimento.
============================================================

O que deseja fazer?

  1 - Ver cada conflito e decidir um por um
  2 - Sobrescrever TODOS automaticamente
  3 - Manter TODOS (não sobrescreve nenhum conflito)

Digite 1, 2 ou 3: 
  → Todos os 12 conflitos serão sobrescritos.

Aplicando atualizações...

Regenerando formulario.html...
  formulario.html atualizado — 548 fazendas, 4355 talhões.

==================================================
  Consolidação concluída!
  Registros processados : 13
  Linhas atualizadas    : 13
  Conflitos ignorados   : 0
  Arquivos movidos para : exports\processados/ (1/1)
  Log salvo na aba 'Log Exportações'
==================================================
[2026-05-27 16:23:46] Sessão encerrada

============================================================
[2026-05-27 17:10:41] Sessão iniciada
============================================================
Encontrados 1 arquivo(s) de export:

  ✓ export_frentes_igabriel_2026-05-27_1779912632757.xlsx — 6 registros

Total de registros para processar: 6
Após deduplicação por LAYER: 6 registros únicos

Verificando conflitos na planilha mestre...
  Sem conflito (serão preenchidos): 1
  Com conflito (já preenchidos)   : 5

============================================================
  ATENÇÃO: 5 talhão(ões) já têm preenchimento.
============================================================

O que deseja fazer?

  1 - Ver cada conflito e decidir um por um
  2 - Sobrescrever TODOS automaticamente
  3 - Manter TODOS (não sobrescreve nenhum conflito)

Digite 1, 2 ou 3: 
  → Todos os 5 conflitos serão sobrescritos.

Aplicando atualizações...

Regenerando formulario.html...
  formulario.html atualizado — 548 fazendas, 4355 talhões.

==================================================
  Consolidação concluída!
  Registros processados : 6
  Linhas atualizadas    : 6
  Conflitos ignorados   : 0
  Arquivos movidos para : exports\processados/ (1/1)
  Log salvo na aba 'Log Exportações'
==================================================
[2026-05-27 17:10:48] Sessão encerrada

============================================================
[2026-05-28 12:05:32] Sessão iniciada
============================================================
Encontrados 1 arquivo(s) de export:

  ✓ export_frentes_jcamilo_2026-05-28_1779980682020.xlsx — 32 registros

Total de registros para processar: 32
Após deduplicação por LAYER: 32 registros únicos

Verificando conflitos na planilha mestre...
  Sem conflito (serão preenchidos): 2
  Com conflito (já preenchidos)   : 30

============================================================
  ATENÇÃO: 30 talhão(ões) já têm preenchimento.
============================================================

O que deseja fazer?

  1 - Ver cada conflito e decidir um por um
  2 - Sobrescrever TODOS automaticamente
  3 - Manter TODOS (não sobrescreve nenhum conflito)

Digite 1, 2 ou 3: 
  → Todos os 30 conflitos serão sobrescritos.

Aplicando atualizações...

Regenerando formulario.html...
  formulario.html atualizado — 548 fazendas, 4355 talhões.

==================================================
  Consolidação concluída!
  Registros processados : 32
  Linhas atualizadas    : 32
  Conflitos ignorados   : 0
  Arquivos movidos para : exports\processados/ (1/1)
  Log salvo na aba 'Log Exportações'
==================================================
[2026-05-28 12:07:06] Sessão encerrada

============================================================
[2026-05-28 12:12:20] Sessão iniciada
============================================================
Encontrados 1 arquivo(s) de export:

  ✓ export_frentes_jcamilo_2026-05-28_1779981135141.xlsx — 32 registros

Total de registros para processar: 32
Após deduplicação por LAYER: 32 registros únicos

Verificando conflitos na planilha mestre...
  Sem conflito (serão preenchidos): 0
  Com conflito (já preenchidos)   : 32

============================================================
  ATENÇÃO: 32 talhão(ões) já têm preenchimento.
============================================================

O que deseja fazer?

  1 - Ver cada conflito e decidir um por um
  2 - Sobrescrever TODOS automaticamente
  3 - Manter TODOS (não sobrescreve nenhum conflito)

Digite 1, 2 ou 3: 
  → Todos os 32 conflitos serão sobrescritos.

Aplicando atualizações...

Regenerando formulario.html...
  formulario.html atualizado — sem alterações.

==================================================
  Consolidação concluída!
  Registros processados : 32
  Linhas atualizadas    : 32
  Conflitos ignorados   : 0
  Arquivos movidos para : exports\processados/ (1/1)
  Log salvo na aba 'Log Exportações'
==================================================
[2026-05-28 12:12:24] Sessão encerrada

============================================================
[2026-05-28 12:23:07] Sessão iniciada
============================================================
Encontrados 1 arquivo(s) de export:

  ✓ export_frentes_igabriel_2026-05-28_1779981783716.xlsx — 14 registros

Total de registros para processar: 14
Após deduplicação por LAYER: 14 registros únicos

Verificando conflitos na planilha mestre...
  Sem conflito (serão preenchidos): 1
  Com conflito (já preenchidos)   : 13

============================================================
  ATENÇÃO: 13 talhão(ões) já têm preenchimento.
============================================================

O que deseja fazer?

  1 - Ver cada conflito e decidir um por um
  2 - Sobrescrever TODOS automaticamente
  3 - Manter TODOS (não sobrescreve nenhum conflito)

Digite 1, 2 ou 3: 
  → Todos os 13 conflitos serão sobrescritos.

Aplicando atualizações...

Regenerando formulario.html...
  formulario.html atualizado — 548 fazendas, 4355 talhões.

==================================================
  Consolidação concluída!
  Registros processados : 14
  Linhas atualizadas    : 14
  Conflitos ignorados   : 0
  Arquivos movidos para : exports\processados/ (1/1)
  Log salvo na aba 'Log Exportações'
==================================================
[2026-05-28 12:23:12] Sessão encerrada

============================================================
[2026-05-28 16:18:53] Sessão iniciada
============================================================
Encontrados 1 arquivo(s) de export:

  ✓ export_frentes_jcamilo_2026-05-28_1779995927433.xlsx — 12 registros

Total de registros para processar: 12
Após deduplicação por LAYER: 12 registros únicos

Verificando conflitos na planilha mestre...
  Sem conflito (serão preenchidos): 0
  Com conflito (já preenchidos)   : 12

============================================================
  ATENÇÃO: 12 talhão(ões) já têm preenchimento.
============================================================

O que deseja fazer?

  1 - Ver cada conflito e decidir um por um
  2 - Sobrescrever TODOS automaticamente
  3 - Manter TODOS (não sobrescreve nenhum conflito)

Digite 1, 2 ou 3: 
  → Todos os 12 conflitos serão sobrescritos.

Aplicando atualizações...

Regenerando formulario.html...
  formulario.html atualizado — 548 fazendas, 4355 talhões.

==================================================
  Consolidação concluída!
  Registros processados : 12
  Linhas atualizadas    : 12
  Conflitos ignorados   : 0
  Arquivos movidos para : exports\processados/ (1/1)
  Log salvo na aba 'Log Exportações'
==================================================
[2026-05-28 16:18:58] Sessão encerrada

============================================================
[2026-05-28 16:44:39] Sessão iniciada
============================================================
Encontrados 1 arquivo(s) de export:

  ✓ export_frentes_igabriel_2026-05-28_1779997475427.xlsx — 15 registros

Total de registros para processar: 15
Após deduplicação por LAYER: 15 registros únicos

Verificando conflitos na planilha mestre...
  Sem conflito (serão preenchidos): 5
  Com conflito (já preenchidos)   : 10

============================================================
  ATENÇÃO: 10 talhão(ões) já têm preenchimento.
============================================================

O que deseja fazer?

  1 - Ver cada conflito e decidir um por um
  2 - Sobrescrever TODOS automaticamente
  3 - Manter TODOS (não sobrescreve nenhum conflito)

Digite 1, 2 ou 3: 
  → Todos os 10 conflitos serão sobrescritos.

Aplicando atualizações...

Regenerando formulario.html...
  formulario.html atualizado — 548 fazendas, 4355 talhões.

==================================================
  Consolidação concluída!
  Registros processados : 15
  Linhas atualizadas    : 15
  Conflitos ignorados   : 0
  Arquivos movidos para : exports\processados/ (1/1)
  Log salvo na aba 'Log Exportações'
==================================================
[2026-05-28 16:44:46] Sessão encerrada

============================================================
[2026-05-29 11:49:28] Sessão iniciada
============================================================
Encontrados 1 arquivo(s) de export:

  ✓ export_frentes_jcamilo_2026-05-29_1780066164140.xlsx — 15 registros

Total de registros para processar: 15
Após deduplicação por LAYER: 15 registros únicos

Verificando conflitos na planilha mestre...
  Sem conflito (serão preenchidos): 0
  Com conflito (já preenchidos)   : 15

============================================================
  ATENÇÃO: 15 talhão(ões) já têm preenchimento.
============================================================

O que deseja fazer?

  1 - Ver cada conflito e decidir um por um
  2 - Sobrescrever TODOS automaticamente
  3 - Manter TODOS (não sobrescreve nenhum conflito)

Digite 1, 2 ou 3: 
  → Todos os 15 conflitos serão sobrescritos.

Aplicando atualizações...

Regenerando formulario.html...
  formulario.html atualizado — 548 fazendas, 4355 talhões.

==================================================
  Consolidação concluída!
  Registros processados : 15
  Linhas atualizadas    : 15
  Conflitos ignorados   : 0
  Arquivos movidos para : exports\processados/ (1/1)
  Log salvo na aba 'Log Exportações'
==================================================
[2026-05-29 11:49:38] Sessão encerrada

============================================================
[2026-05-29 11:54:31] Sessão iniciada
============================================================
Encontrados 1 arquivo(s) de export:

  ✓ export_frentes_igabriel_2026-05-29_1780066470252.xlsx — 19 registros

Total de registros para processar: 19
Após deduplicação por LAYER: 19 registros únicos

Verificando conflitos na planilha mestre...
  Sem conflito (serão preenchidos): 8
  Com conflito (já preenchidos)   : 11

============================================================
  ATENÇÃO: 11 talhão(ões) já têm preenchimento.
============================================================

O que deseja fazer?

  1 - Ver cada conflito e decidir um por um
  2 - Sobrescrever TODOS automaticamente
  3 - Manter TODOS (não sobrescreve nenhum conflito)

Digite 1, 2 ou 3: 
  → Todos os 11 conflitos serão sobrescritos.

Aplicando atualizações...

Regenerando formulario.html...
  formulario.html atualizado — 548 fazendas, 4355 talhões.

==================================================
  Consolidação concluída!
  Registros processados : 19
  Linhas atualizadas    : 19
  Conflitos ignorados   : 0
  Arquivos movidos para : exports\processados/ (1/1)
  Log salvo na aba 'Log Exportações'
==================================================
[2026-05-29 11:54:37] Sessão encerrada

============================================================
[2026-05-29 11:59:30] Sessão iniciada
============================================================
Encontrados 1 arquivo(s) de export:

  ✓ export_frentes_jcamilo_2026-05-29_1780066761154.xlsx — 15 registros

Total de registros para processar: 15
Após deduplicação por LAYER: 15 registros únicos

Verificando conflitos na planilha mestre...
  Sem conflito (serão preenchidos): 0
  Com conflito (já preenchidos)   : 15

============================================================
  ATENÇÃO: 15 talhão(ões) já têm preenchimento.
============================================================

O que deseja fazer?

  1 - Ver cada conflito e decidir um por um
  2 - Sobrescrever TODOS automaticamente
  3 - Manter TODOS (não sobrescreve nenhum conflito)

Digite 1, 2 ou 3: 
  → Todos os 15 conflitos serão sobrescritos.

Aplicando atualizações...

Regenerando formulario.html...
  formulario.html atualizado — sem alterações.

==================================================
  Consolidação concluída!
  Registros processados : 15
  Linhas atualizadas    : 15
  Conflitos ignorados   : 0
  Arquivos movidos para : exports\processados/ (1/1)
  Log salvo na aba 'Log Exportações'
==================================================
[2026-05-29 11:59:34] Sessão encerrada

============================================================
[2026-05-29 13:22:02] Sessão iniciada
============================================================
Encontrados 1 arquivo(s) de export:

  ✓ export_frentes_jcamilo_2026-05-29_1780071716335.xlsx — 10 registros

Total de registros para processar: 10
Após deduplicação por LAYER: 10 registros únicos

Verificando conflitos na planilha mestre...
  Sem conflito (serão preenchidos): 0
  Com conflito (já preenchidos)   : 10

============================================================
  ATENÇÃO: 10 talhão(ões) já têm preenchimento.
============================================================

O que deseja fazer?

  1 - Ver cada conflito e decidir um por um
  2 - Sobrescrever TODOS automaticamente
  3 - Manter TODOS (não sobrescreve nenhum conflito)

Digite 1, 2 ou 3: 
  → Todos os 10 conflitos serão sobrescritos.

Aplicando atualizações...

Regenerando formulario.html...
  formulario.html atualizado — 548 fazendas, 4355 talhões.

==================================================
  Consolidação concluída!
  Registros processados : 10
  Linhas atualizadas    : 10
  Conflitos ignorados   : 0
  Arquivos movidos para : exports\processados/ (1/1)
  Log salvo na aba 'Log Exportações'
==================================================
[2026-05-29 13:22:06] Sessão encerrada

============================================================
[2026-05-29 13:23:38] Sessão iniciada
============================================================
Encontrados 1 arquivo(s) de export:

  ✓ export_frentes_jcamilo_2026-05-29_1780071816119.xlsx — 15 registros

Total de registros para processar: 15
Após deduplicação por LAYER: 15 registros únicos

Verificando conflitos na planilha mestre...
  Sem conflito (serão preenchidos): 0
  Com conflito (já preenchidos)   : 15

============================================================
  ATENÇÃO: 15 talhão(ões) já têm preenchimento.
============================================================

O que deseja fazer?

  1 - Ver cada conflito e decidir um por um
  2 - Sobrescrever TODOS automaticamente
  3 - Manter TODOS (não sobrescreve nenhum conflito)

Digite 1, 2 ou 3: 
  → Todos os 15 conflitos serão sobrescritos.

Aplicando atualizações...

Regenerando formulario.html...
  formulario.html atualizado — sem alterações.

==================================================
  Consolidação concluída!
  Registros processados : 15
  Linhas atualizadas    : 15
  Conflitos ignorados   : 0
  Arquivos movidos para : exports\processados/ (1/1)
  Log salvo na aba 'Log Exportações'
==================================================
[2026-05-29 13:23:42] Sessão encerrada

============================================================
[2026-05-29 14:39:50] Sessão iniciada
============================================================
Encontrados 1 arquivo(s) de export:

  ✓ export_frentes_jcamilo_2026-05-29_1780076388113.xlsx — 13 registros

Total de registros para processar: 13
Após deduplicação por LAYER: 13 registros únicos

Verificando conflitos na planilha mestre...
  Sem conflito (serão preenchidos): 0
  Com conflito (já preenchidos)   : 13

============================================================
  ATENÇÃO: 13 talhão(ões) já têm preenchimento.
============================================================

O que deseja fazer?

  1 - Ver cada conflito e decidir um por um
  2 - Sobrescrever TODOS automaticamente
  3 - Manter TODOS (não sobrescreve nenhum conflito)

Digite 1, 2 ou 3: 
  → Todos os 13 conflitos serão sobrescritos.

Aplicando atualizações...

Regenerando formulario.html...
  formulario.html atualizado — 548 fazendas, 4355 talhões.

==================================================
  Consolidação concluída!
  Registros processados : 13
  Linhas atualizadas    : 13
  Conflitos ignorados   : 0
  Arquivos movidos para : exports\processados/ (1/1)
  Log salvo na aba 'Log Exportações'
==================================================
[2026-05-29 14:39:56] Sessão encerrada

============================================================
[2026-05-29 15:35:32] Sessão iniciada
============================================================
Encontrados 1 arquivo(s) de export:

  ✓ export_frentes_jcamilo_2026-05-29_1780079725500.xlsx — 20 registros

Total de registros para processar: 20
Após deduplicação por LAYER: 20 registros únicos

Verificando conflitos na planilha mestre...
  Sem conflito (serão preenchidos): 9
  Com conflito (já preenchidos)   : 11

============================================================
  ATENÇÃO: 11 talhão(ões) já têm preenchimento.
============================================================

O que deseja fazer?

  1 - Ver cada conflito e decidir um por um
  2 - Sobrescrever TODOS automaticamente
  3 - Manter TODOS (não sobrescreve nenhum conflito)

Digite 1, 2 ou 3: 
  → Todos os 11 conflitos serão sobrescritos.

Aplicando atualizações...

Regenerando formulario.html...
  formulario.html atualizado — 548 fazendas, 4355 talhões.

==================================================
  Consolidação concluída!
  Registros processados : 20
  Linhas atualizadas    : 20
  Conflitos ignorados   : 0
  Arquivos movidos para : exports\processados/ (1/1)
  Log salvo na aba 'Log Exportações'
==================================================
[2026-05-29 15:35:39] Sessão encerrada

============================================================
[2026-06-01 08:28:14] Sessão iniciada
============================================================
Encontrados 1 arquivo(s) de export:

  ✓ export_frentes_igabriel_2026-06-01_1780313285833.xlsx — 7 registros

Total de registros para processar: 7
Após deduplicação por LAYER: 7 registros únicos

Verificando conflitos na planilha mestre...
  Sem conflito (serão preenchidos): 0
  Com conflito (já preenchidos)   : 7

============================================================
  ATENÇÃO: 7 talhão(ões) já têm preenchimento.
============================================================

O que deseja fazer?

  1 - Ver cada conflito e decidir um por um
  2 - Sobrescrever TODOS automaticamente
  3 - Manter TODOS (não sobrescreve nenhum conflito)

Digite 1, 2 ou 3: 
  → Todos os 7 conflitos serão sobrescritos.

Aplicando atualizações...

Regenerando formulario.html...
  formulario.html atualizado — 548 fazendas, 4355 talhões.

==================================================
  Consolidação concluída!
  Registros processados : 7
  Linhas atualizadas    : 7
  Conflitos ignorados   : 0
  Arquivos movidos para : exports\processados/ (1/1)
  Log salvo na aba 'Log Exportações'
==================================================
[2026-06-01 08:28:23] Sessão encerrada

============================================================
[2026-06-01 08:37:27] Sessão iniciada
============================================================
Encontrados 1 arquivo(s) de export:

  ✓ export_frentes_jcamilo_2026-06-01_1780313840620.xlsx — 13 registros

Total de registros para processar: 13
Após deduplicação por LAYER: 13 registros únicos

Verificando conflitos na planilha mestre...
  Sem conflito (serão preenchidos): 6
  Com conflito (já preenchidos)   : 7

============================================================
  ATENÇÃO: 7 talhão(ões) já têm preenchimento.
============================================================

O que deseja fazer?

  1 - Ver cada conflito e decidir um por um
  2 - Sobrescrever TODOS automaticamente
  3 - Manter TODOS (não sobrescreve nenhum conflito)

Digite 1, 2 ou 3: 
  → Todos os 7 conflitos serão sobrescritos.

Aplicando atualizações...

Regenerando formulario.html...
  formulario.html atualizado — 548 fazendas, 4355 talhões.

==================================================
  Consolidação concluída!
  Registros processados : 13
  Linhas atualizadas    : 13
  Conflitos ignorados   : 0
  Arquivos movidos para : exports\processados/ (1/1)
  Log salvo na aba 'Log Exportações'
==================================================
[2026-06-01 08:37:35] Sessão encerrada

============================================================
[2026-06-01 09:01:29] Sessão iniciada
============================================================
Encontrados 1 arquivo(s) de export:

  ✓ export_frentes_jcamilo_2026-06-01_1780315283430.xlsx — 6 registros

Total de registros para processar: 6
Após deduplicação por LAYER: 6 registros únicos

Verificando conflitos na planilha mestre...
  Sem conflito (serão preenchidos): 6
  Com conflito (já preenchidos)   : 0

Aplicando atualizações...

Regenerando formulario.html...
  formulario.html atualizado — 548 fazendas, 4355 talhões.

==================================================
  Consolidação concluída!
  Registros processados : 6
  Linhas atualizadas    : 6
  Conflitos ignorados   : 0
  Arquivos movidos para : exports\processados/ (1/1)
  Log salvo na aba 'Log Exportações'
==================================================
[2026-06-01 09:01:34] Sessão encerrada

============================================================
[2026-06-01 09:04:27] Sessão iniciada
============================================================
Encontrados 1 arquivo(s) de export:

  ✓ export_frentes_jcamilo_2026-06-01_1780315459814.xlsx — 10 registros

Total de registros para processar: 10
Após deduplicação por LAYER: 10 registros únicos

Verificando conflitos na planilha mestre...
  Sem conflito (serão preenchidos): 10
  Com conflito (já preenchidos)   : 0

Aplicando atualizações...

Regenerando formulario.html...
  formulario.html atualizado — 548 fazendas, 4355 talhões.

==================================================
  Consolidação concluída!
  Registros processados : 10
  Linhas atualizadas    : 10
  Conflitos ignorados   : 0
  Arquivos movidos para : exports\processados/ (1/1)
  Log salvo na aba 'Log Exportações'
==================================================
[2026-06-01 09:04:32] Sessão encerrada

============================================================
[2026-06-01 10:53:57] Sessão iniciada
============================================================
Encontrados 1 arquivo(s) de export:

  ✓ export_frentes_jcamilo_2026-06-01_1780322035444.xlsx — 10 registros

Total de registros para processar: 10
Após deduplicação por LAYER: 10 registros únicos

Verificando conflitos na planilha mestre...
  Sem conflito (serão preenchidos): 0
  Com conflito (já preenchidos)   : 10

============================================================
  ATENÇÃO: 10 talhão(ões) já têm preenchimento.
============================================================

O que deseja fazer?

  1 - Ver cada conflito e decidir um por um
  2 - Sobrescrever TODOS automaticamente
  3 - Manter TODOS (não sobrescreve nenhum conflito)

Digite 1, 2 ou 3: 
  → Todos os 10 conflitos serão sobrescritos.

Aplicando atualizações...

Regenerando formulario.html...
  formulario.html atualizado — 548 fazendas, 4355 talhões.

==================================================
  Consolidação concluída!
  Registros processados : 10
  Linhas atualizadas    : 10
  Conflitos ignorados   : 0
  Arquivos movidos para : exports\processados/ (1/1)
  Log salvo na aba 'Log Exportações'
==================================================
[2026-06-01 10:54:03] Sessão encerrada

============================================================
[2026-06-01 12:25:00] Sessão iniciada
============================================================
Encontrados 1 arquivo(s) de export:

  ✓ export_frentes_jcamilo_2026-06-01_1780327497682.xlsx — 4 registros

Total de registros para processar: 4
Após deduplicação por LAYER: 4 registros únicos

Verificando conflitos na planilha mestre...
  Sem conflito (serão preenchidos): 0
  Com conflito (já preenchidos)   : 4

============================================================
  ATENÇÃO: 4 talhão(ões) já têm preenchimento.
============================================================

O que deseja fazer?

  1 - Ver cada conflito e decidir um por um
  2 - Sobrescrever TODOS automaticamente
  3 - Manter TODOS (não sobrescreve nenhum conflito)

Digite 1, 2 ou 3: 
  → Todos os 4 conflitos serão sobrescritos.

Aplicando atualizações...

Regenerando formulario.html...
  formulario.html atualizado — 548 fazendas, 4355 talhões.

==================================================
  Consolidação concluída!
  Registros processados : 4
  Linhas atualizadas    : 4
  Conflitos ignorados   : 0
  Arquivos movidos para : exports\processados/ (1/1)
  Log salvo na aba 'Log Exportações'
==================================================
[2026-06-01 12:25:05] Sessão encerrada

============================================================
[2026-06-05 09:00:12] Sessão iniciada
============================================================
Encontrados 1 arquivo(s) de export:

  ✓ export_frentes_lmalerbo_2026-06-05_1780660810048.xlsx — 3 registros

Total de registros para processar: 3
Após deduplicação por LAYER: 3 registros únicos

Verificando conflitos na planilha mestre...
  Sem conflito (serão preenchidos): 0
  Com conflito (já preenchidos)   : 3

============================================================
  ATENÇÃO: 3 talhão(ões) já têm preenchimento.
============================================================

O que deseja fazer?

  1 - Ver cada conflito e decidir um por um
  2 - Sobrescrever TODOS automaticamente
  3 - Manter TODOS (não sobrescreve nenhum conflito)

Digite 1, 2 ou 3: 
  → Todos os 3 conflitos serão sobrescritos.

Aplicando atualizações...

Regenerando formulario.html...
  formulario.html atualizado — 548 fazendas, 4355 talhões.

==================================================
  Consolidação concluída!
  Registros processados : 3
  Linhas atualizadas    : 3
  Conflitos ignorados   : 0
  Arquivos movidos para : exports\processados/ (1/1)
  Log salvo na aba 'Log Exportações'
==================================================
[2026-06-05 09:00:19] Sessão encerrada

============================================================
[2026-06-05 11:02:54] Sessão iniciada
============================================================
Encontrados 1 arquivo(s) de export:

  ✓ export_frentes_jcamilo_2026-06-05_1780668171677.xlsx — 10 registros

Total de registros para processar: 10
Após deduplicação por LAYER: 10 registros únicos

Verificando conflitos na planilha mestre...
  Sem conflito (serão preenchidos): 1
  Com conflito (já preenchidos)   : 9

============================================================
  ATENÇÃO: 9 talhão(ões) já têm preenchimento.
============================================================

O que deseja fazer?

  1 - Ver cada conflito e decidir um por um
  2 - Sobrescrever TODOS automaticamente
  3 - Manter TODOS (não sobrescreve nenhum conflito)

Digite 1, 2 ou 3: 
  → Todos os 9 conflitos serão sobrescritos.

Aplicando atualizações...

Regenerando formulario.html...
  formulario.html atualizado — 548 fazendas, 4355 talhões.

==================================================
  Consolidação concluída!
  Registros processados : 10
  Linhas atualizadas    : 10
  Conflitos ignorados   : 0
  Arquivos movidos para : exports\processados/ (1/1)
  Log salvo na aba 'Log Exportações'
==================================================
[2026-06-05 11:03:07] Sessão encerrada

============================================================
[2026-06-05 11:07:30] Sessão iniciada
============================================================
Encontrados 1 arquivo(s) de export:

  ✓ export_frentes_jcamilo_2026-06-05_1780668448630.xlsx — 9 registros

Total de registros para processar: 9
Após deduplicação por LAYER: 9 registros únicos

Verificando conflitos na planilha mestre...
  Sem conflito (serão preenchidos): 0
  Com conflito (já preenchidos)   : 9

============================================================
  ATENÇÃO: 9 talhão(ões) já têm preenchimento.
============================================================

O que deseja fazer?

  1 - Ver cada conflito e decidir um por um
  2 - Sobrescrever TODOS automaticamente
  3 - Manter TODOS (não sobrescreve nenhum conflito)

Digite 1, 2 ou 3: 
  → Todos os 9 conflitos serão sobrescritos.

Aplicando atualizações...

Regenerando formulario.html...
  formulario.html atualizado — 548 fazendas, 4355 talhões.

==================================================
  Consolidação concluída!
  Registros processados : 9
  Linhas atualizadas    : 9
  Conflitos ignorados   : 0
  Arquivos movidos para : exports\processados/ (1/1)
  Log salvo na aba 'Log Exportações'
==================================================
[2026-06-05 11:07:41] Sessão encerrada

============================================================
[2026-06-05 11:51:59] Sessão iniciada
============================================================
Encontrados 1 arquivo(s) de export:

  ✓ export_frentes_jcamilo_2026-06-05_1780671109543.xlsx — 18 registros

Total de registros para processar: 18
Após deduplicação por LAYER: 18 registros únicos

Verificando conflitos na planilha mestre...
  Sem conflito (serão preenchidos): 0
  Com conflito (já preenchidos)   : 18

============================================================
  ATENÇÃO: 18 talhão(ões) já têm preenchimento.
============================================================

O que deseja fazer?

  1 - Ver cada conflito e decidir um por um
  2 - Sobrescrever TODOS automaticamente
  3 - Manter TODOS (não sobrescreve nenhum conflito)

Digite 1, 2 ou 3: 
  → Todos os 18 conflitos serão sobrescritos.

Aplicando atualizações...

Regenerando formulario.html...
  formulario.html atualizado — 548 fazendas, 4355 talhões.

==================================================
  Consolidação concluída!
  Registros processados : 18
  Linhas atualizadas    : 18
  Conflitos ignorados   : 0
  Arquivos movidos para : exports\processados/ (1/1)
  Log salvo na aba 'Log Exportações'
==================================================
[2026-06-05 11:52:09] Sessão encerrada

============================================================
[2026-06-05 16:03:33] Sessão iniciada
============================================================
Encontrados 1 arquivo(s) de export:

  ✓ export_frentes_jcamilo_2026-06-05_1780686205699.xlsx — 10 registros

Total de registros para processar: 10
Após deduplicação por LAYER: 10 registros únicos

Verificando conflitos na planilha mestre...
  Sem conflito (serão preenchidos): 0
  Com conflito (já preenchidos)   : 10

============================================================
  ATENÇÃO: 10 talhão(ões) já têm preenchimento.
============================================================

O que deseja fazer?

  1 - Ver cada conflito e decidir um por um
  2 - Sobrescrever TODOS automaticamente
  3 - Manter TODOS (não sobrescreve nenhum conflito)

Digite 1, 2 ou 3: 
  → Todos os 10 conflitos serão sobrescritos.

Aplicando atualizações...

Regenerando formulario.html...
  formulario.html atualizado — 548 fazendas, 4355 talhões.

==================================================
  Consolidação concluída!
  Registros processados : 10
  Linhas atualizadas    : 10
  Conflitos ignorados   : 0
  Arquivos movidos para : exports\processados/ (1/1)
  Log salvo na aba 'Log Exportações'
==================================================
[2026-06-05 16:03:50] Sessão encerrada

============================================================
[2026-06-05 16:20:54] Sessão iniciada
============================================================
Encontrados 1 arquivo(s) de export:

  ✓ export_frentes_jcamilo_2026-06-05_1780687246561.xlsx — 2 registros

Total de registros para processar: 2
Após deduplicação por LAYER: 2 registros únicos

Verificando conflitos na planilha mestre...
  Sem conflito (serão preenchidos): 0
  Com conflito (já preenchidos)   : 2

============================================================
  ATENÇÃO: 2 talhão(ões) já têm preenchimento.
============================================================

O que deseja fazer?

  1 - Ver cada conflito e decidir um por um
  2 - Sobrescrever TODOS automaticamente
  3 - Manter TODOS (não sobrescreve nenhum conflito)

Digite 1, 2 ou 3: 
  → Todos os 2 conflitos serão sobrescritos.

Aplicando atualizações...

Regenerando formulario.html...
  formulario.html atualizado — 548 fazendas, 4355 talhões.

==================================================
  Consolidação concluída!
  Registros processados : 2
  Linhas atualizadas    : 2
  Conflitos ignorados   : 0
  Arquivos movidos para : exports\processados/ (1/1)
  Log salvo na aba 'Log Exportações'
==================================================
[2026-06-05 16:21:04] Sessão encerrada

============================================================
[2026-06-05 16:33:27] Sessão iniciada
============================================================
Encontrados 1 arquivo(s) de export:

  ✓ export_frentes_jcamilo_2026-06-05_1780687999512.xlsx — 2 registros

Total de registros para processar: 2
Após deduplicação por LAYER: 2 registros únicos

Verificando conflitos na planilha mestre...
  Sem conflito (serão preenchidos): 0
  Com conflito (já preenchidos)   : 2

============================================================
  ATENÇÃO: 2 talhão(ões) já têm preenchimento.
============================================================

O que deseja fazer?

  1 - Ver cada conflito e decidir um por um
  2 - Sobrescrever TODOS automaticamente
  3 - Manter TODOS (não sobrescreve nenhum conflito)

Digite 1, 2 ou 3: 
  → Todos os 2 conflitos serão sobrescritos.

Aplicando atualizações...

Regenerando formulario.html...
  formulario.html atualizado — 548 fazendas, 4355 talhões.

==================================================
  Consolidação concluída!
  Registros processados : 2
  Linhas atualizadas    : 2
  Conflitos ignorados   : 0
  Arquivos movidos para : exports\processados/ (1/1)
  Log salvo na aba 'Log Exportações'
==================================================
[2026-06-05 16:33:40] Sessão encerrada

============================================================
[2026-06-10 08:03:34] Sessão iniciada
============================================================
Encontrados 1 arquivo(s) de export:

  ✓ export_frentes_jcamilo_2026-06-08_1780925207895.xlsx — 1 registros

Total de registros para processar: 1
Após deduplicação por LAYER: 1 registros únicos

Verificando conflitos na planilha mestre...
  Sem conflito (serão preenchidos): 0
  Com conflito (já preenchidos)   : 1

============================================================
  ATENÇÃO: 1 talhão(ões) já têm preenchimento.
============================================================

O que deseja fazer?

  1 - Ver cada conflito e decidir um por um
  2 - Sobrescrever TODOS automaticamente
  3 - Manter TODOS (não sobrescreve nenhum conflito)

Digite 1, 2 ou 3: 
  → Todos os 1 conflitos serão sobrescritos.

Aplicando atualizações...

Regenerando formulario.html...
  formulario.html atualizado — sem alterações.

==================================================
  Consolidação concluída!
  Registros processados : 1
  Linhas atualizadas    : 1
  Conflitos ignorados   : 0
  Arquivos movidos para : exports\processados/ (1/1)
  Log salvo na aba 'Log Exportações'
==================================================
[2026-06-10 08:03:37] Sessão encerrada

============================================================
[2026-06-10 08:16:50] Sessão iniciada
============================================================
Encontrados 1 arquivo(s) de export:

  ✓ export_frentes_jcamilo_2026-06-10_1781090208254.xlsx — 4 registros

Total de registros para processar: 4
Após deduplicação por LAYER: 4 registros únicos

Verificando conflitos na planilha mestre...
  Sem conflito (serão preenchidos): 0
  Com conflito (já preenchidos)   : 4

============================================================
  ATENÇÃO: 4 talhão(ões) já têm preenchimento.
============================================================

O que deseja fazer?

  1 - Ver cada conflito e decidir um por um
  2 - Sobrescrever TODOS automaticamente
  3 - Manter TODOS (não sobrescreve nenhum conflito)

Digite 1, 2 ou 3: 
  → Todos os 4 conflitos serão sobrescritos.

Aplicando atualizações...

Regenerando formulario.html...
  formulario.html atualizado — 548 fazendas, 4355 talhões.

==================================================
  Consolidação concluída!
  Registros processados : 4
  Linhas atualizadas    : 4
  Conflitos ignorados   : 0
  Arquivos movidos para : exports\processados/ (1/1)
  Log salvo na aba 'Log Exportações'
==================================================
[2026-06-10 08:16:56] Sessão encerrada

============================================================
[2026-06-10 08:17:38] Sessão iniciada
============================================================
Encontrados 1 arquivo(s) de export:

  ✓ export_frentes_jcamilo_2026-06-10_1781090251607.xlsx — 1 registros

Total de registros para processar: 1
Após deduplicação por LAYER: 1 registros únicos

Verificando conflitos na planilha mestre...
  Sem conflito (serão preenchidos): 1
  Com conflito (já preenchidos)   : 0

Aplicando atualizações...

Regenerando formulario.html...
  formulario.html atualizado — 548 fazendas, 4355 talhões.

==================================================
  Consolidação concluída!
  Registros processados : 1
  Linhas atualizadas    : 1
  Conflitos ignorados   : 0
  Arquivos movidos para : exports\processados/ (1/1)
  Log salvo na aba 'Log Exportações'
==================================================
[2026-06-10 08:17:43] Sessão encerrada

============================================================
[2026-06-10 10:05:56] Sessão iniciada
============================================================
Encontrados 1 arquivo(s) de export:

  ✓ export_frentes_jcamilo_2026-06-10_1781096747331.xlsx — 13 registros

Total de registros para processar: 13
Após deduplicação por LAYER: 13 registros únicos

Verificando conflitos na planilha mestre...
  Sem conflito (serão preenchidos): 1
  Com conflito (já preenchidos)   : 12

============================================================
  ATENÇÃO: 12 talhão(ões) já têm preenchimento.
============================================================

O que deseja fazer?

  1 - Ver cada conflito e decidir um por um
  2 - Sobrescrever TODOS automaticamente
  3 - Manter TODOS (não sobrescreve nenhum conflito)

Digite 1, 2 ou 3: 
  → Todos os 12 conflitos serão sobrescritos.

Aplicando atualizações...

Regenerando formulario.html...
  formulario.html atualizado — 548 fazendas, 4355 talhões.

==================================================
  Consolidação concluída!
  Registros processados : 13
  Linhas atualizadas    : 13
  Conflitos ignorados   : 0
  Arquivos movidos para : exports\processados/ (1/1)
  Log salvo na aba 'Log Exportações'
==================================================
[2026-06-10 10:06:09] Sessão encerrada

============================================================
[2026-06-10 10:58:26] Sessão iniciada
============================================================
Encontrados 1 arquivo(s) de export:

  ✓ export_frentes_jcamilo_2026-06-10_1781099900707.xlsx — 2 registros

Total de registros para processar: 2
Após deduplicação por LAYER: 2 registros únicos

Verificando conflitos na planilha mestre...
  Sem conflito (serão preenchidos): 0
  Com conflito (já preenchidos)   : 2

============================================================
  ATENÇÃO: 2 talhão(ões) já têm preenchimento.
============================================================

O que deseja fazer?

  1 - Ver cada conflito e decidir um por um
  2 - Sobrescrever TODOS automaticamente
  3 - Manter TODOS (não sobrescreve nenhum conflito)

Digite 1, 2 ou 3: 
  → Todos os 2 conflitos serão sobrescritos.

Aplicando atualizações...

Regenerando formulario.html...
  formulario.html atualizado — 548 fazendas, 4355 talhões.

==================================================
  Consolidação concluída!
  Registros processados : 2
  Linhas atualizadas    : 2
  Conflitos ignorados   : 0
  Arquivos movidos para : exports\processados/ (1/1)
  Log salvo na aba 'Log Exportações'
==================================================
[2026-06-10 10:58:35] Sessão encerrada

============================================================
[2026-06-10 11:04:08] Sessão iniciada
============================================================
Encontrados 1 arquivo(s) de export:

  ✓ export_frentes_jcamilo_2026-06-10_1781100245806.xlsx — 2 registros

Total de registros para processar: 2
Após deduplicação por LAYER: 2 registros únicos

Verificando conflitos na planilha mestre...
  Sem conflito (serão preenchidos): 0
  Com conflito (já preenchidos)   : 2

============================================================
  ATENÇÃO: 2 talhão(ões) já têm preenchimento.
============================================================

O que deseja fazer?

  1 - Ver cada conflito e decidir um por um
  2 - Sobrescrever TODOS automaticamente
  3 - Manter TODOS (não sobrescreve nenhum conflito)

Digite 1, 2 ou 3: 
  → Todos os 2 conflitos serão sobrescritos.

Aplicando atualizações...

Regenerando formulario.html...
  formulario.html atualizado — 548 fazendas, 4355 talhões.

==================================================
  Consolidação concluída!
  Registros processados : 2
  Linhas atualizadas    : 2
  Conflitos ignorados   : 0
  Arquivos movidos para : exports\processados/ (1/1)
  Log salvo na aba 'Log Exportações'
==================================================
[2026-06-10 11:04:16] Sessão encerrada

============================================================
[2026-06-10 11:12:59] Sessão iniciada
============================================================
Encontrados 1 arquivo(s) de export:

  ✓ export_frentes_igabriel_2026-06-10_1781100773379.xlsx — 35 registros

Total de registros para processar: 35
Após deduplicação por LAYER: 35 registros únicos

Verificando conflitos na planilha mestre...
  Sem conflito (serão preenchidos): 35
  Com conflito (já preenchidos)   : 0

Aplicando atualizações...

Regenerando formulario.html...
  formulario.html atualizado — 548 fazendas, 4355 talhões.

==================================================
  Consolidação concluída!
  Registros processados : 35
  Linhas atualizadas    : 35
  Conflitos ignorados   : 0
  Arquivos movidos para : exports\processados/ (1/1)
  Log salvo na aba 'Log Exportações'
==================================================
[2026-06-10 11:13:07] Sessão encerrada

============================================================
[2026-06-10 11:14:40] Sessão iniciada
============================================================
Encontrados 1 arquivo(s) de export:

  ✓ export_frentes_igabriel_2026-06-10_1781100873460.xlsx — 2 registros

Total de registros para processar: 2
Após deduplicação por LAYER: 2 registros únicos

Verificando conflitos na planilha mestre...
  Sem conflito (serão preenchidos): 2
  Com conflito (já preenchidos)   : 0

Aplicando atualizações...

Regenerando formulario.html...
  formulario.html atualizado — 548 fazendas, 4355 talhões.

==================================================
  Consolidação concluída!
  Registros processados : 2
  Linhas atualizadas    : 2
  Conflitos ignorados   : 0
  Arquivos movidos para : exports\processados/ (1/1)
  Log salvo na aba 'Log Exportações'
==================================================
[2026-06-10 11:14:49] Sessão encerrada

============================================================
[2026-06-10 14:37:28] Sessão iniciada
============================================================
Encontrados 1 arquivo(s) de export:

  ✓ export_frentes_jcamilo_2026-06-10_1781113045787.xlsx — 8 registros

Total de registros para processar: 8
Após deduplicação por LAYER: 8 registros únicos

Verificando conflitos na planilha mestre...
  Sem conflito (serão preenchidos): 0
  Com conflito (já preenchidos)   : 8

============================================================
  ATENÇÃO: 8 talhão(ões) já têm preenchimento.
============================================================

O que deseja fazer?

  1 - Ver cada conflito e decidir um por um
  2 - Sobrescrever TODOS automaticamente
  3 - Manter TODOS (não sobrescreve nenhum conflito)

Digite 1, 2 ou 3: 
  → Todos os 8 conflitos serão sobrescritos.

Aplicando atualizações...

Regenerando formulario.html...
  formulario.html atualizado — 548 fazendas, 4355 talhões.

==================================================
  Consolidação concluída!
  Registros processados : 8
  Linhas atualizadas    : 8
  Conflitos ignorados   : 0
  Arquivos movidos para : exports\processados/ (1/1)
  Log salvo na aba 'Log Exportações'
==================================================
[2026-06-10 14:37:34] Sessão encerrada

============================================================
[2026-06-10 14:53:56] Sessão iniciada
============================================================
Encontrados 1 arquivo(s) de export:

  ✓ export_frentes_jcamilo_2026-06-10_1781114033263.xlsx — 14 registros

Total de registros para processar: 14
Após deduplicação por LAYER: 14 registros únicos

Verificando conflitos na planilha mestre...
  Sem conflito (serão preenchidos): 8
  Com conflito (já preenchidos)   : 6

============================================================
  ATENÇÃO: 6 talhão(ões) já têm preenchimento.
============================================================

O que deseja fazer?

  1 - Ver cada conflito e decidir um por um
  2 - Sobrescrever TODOS automaticamente
  3 - Manter TODOS (não sobrescreve nenhum conflito)

Digite 1, 2 ou 3: 
  → Todos os 6 conflitos serão sobrescritos.

Aplicando atualizações...

Regenerando formulario.html...
  formulario.html atualizado — 548 fazendas, 4355 talhões.

==================================================
  Consolidação concluída!
  Registros processados : 14
  Linhas atualizadas    : 14
  Conflitos ignorados   : 0
  Arquivos movidos para : exports\processados/ (1/1)
  Log salvo na aba 'Log Exportações'
==================================================
[2026-06-10 14:54:01] Sessão encerrada

============================================================
[2026-06-10 15:14:45] Sessão iniciada
============================================================
Encontrados 1 arquivo(s) de export:

  ✓ export_frentes_jcamilo_2026-06-10_1781115280628.xlsx — 1 registros

Total de registros para processar: 1
Após deduplicação por LAYER: 1 registros únicos

Verificando conflitos na planilha mestre...
  Sem conflito (serão preenchidos): 0
  Com conflito (já preenchidos)   : 1

============================================================
  ATENÇÃO: 1 talhão(ões) já têm preenchimento.
============================================================

O que deseja fazer?

  1 - Ver cada conflito e decidir um por um
  2 - Sobrescrever TODOS automaticamente
  3 - Manter TODOS (não sobrescreve nenhum conflito)

Digite 1, 2 ou 3: 
  → Todos os 1 conflitos serão sobrescritos.

Aplicando atualizações...

Regenerando formulario.html...
  formulario.html atualizado — 548 fazendas, 4355 talhões.

==================================================
  Consolidação concluída!
  Registros processados : 1
  Linhas atualizadas    : 1
  Conflitos ignorados   : 0
  Arquivos movidos para : exports\processados/ (1/1)
  Log salvo na aba 'Log Exportações'
==================================================
[2026-06-10 15:14:50] Sessão encerrada
